date,country,latitude,longitude,city,currentCondition,temp,feelLikeTemp,wind,Wind Directin,uv_index,VisibilityValue,pressure,humidity,dewPoint,moonPhase,high,low,sunset,sunrise,airQualityNumber,airQualityText,airQualityDescription
2023-09-24 07:16:34.393052+05:00,pakistan,30.3814,67.7258,Ziarat,Sunny,9 c,9 c, 3 km/h,<svg class="Icon--icon--2aW0V Icon--darkTheme--1PZ-8" data-testid="Icon" name="wind-direction" set="current-conditions" style="transform:rotate(20deg)" theme="dark" viewbox="0 0 24 24"><title>Wind Direction</title><path d="M18.467 4.482l-5.738 5.738a1.005 1.005 0 0 1-1.417 0L5.575 4.482l6.446 16.44 6.446-16.44z" fill="none" stroke="currentColor"></path></svg>,0 of 11,Unlimited,Arrow Up1011.9 mb,36%,-6°, - Day 9Waxing Gibbous,25 c,9 c,None,None,98,None,None
2023-09-24 07:16:34.703244+05:00,pakistan,34.1453,71.7308,Charsadda,Sunny,23 c,23 c, 6 km/h,<svg class="Icon--icon--2aW0V Icon--darkTheme--1PZ-8" data-testid="Icon" name="wind-direction" set="current-conditions" style="transform:rotate(310deg)" theme="dark" viewbox="0 0 24 24"><title>Wind Direction</title><path d="M18.467 4.482l-5.738 5.738a1.005 1.005 0 0 1-1.417 0L5.575 4.482l6.446 16.44 6.446-16.44z" fill="none" stroke="currentColor"></path></svg>,0 of 11,11.27 km,Arrow Up1007.8 mb,86%,21°, - Day 9Waxing Gibbous,32 c,20 c,None,None,122,None,None
2023-09-24 07:16:34.706436+05:00,pakistan,26.9644,64.0903,Panjgur,Sunny,17 c,16 c, 24 km/h,<svg class="Icon--icon--2aW0V Icon--darkTheme--1PZ-8" data-testid="Icon" name="wind-direction" set="current-conditions" style="transform:rotate(350deg)" theme="dark" viewbox="0 0 24 24"><title>Wind Direction</title><path d="M18.467 4.482l-5.738 5.738a1.005 1.005 0 0 1-1.417 0L5.575 4.482l6.446 16.44 6.446-16.44z" fill="none" stroke="currentColor"></path></svg>,0 of 11,Unlimited,Arrow Up1011.5 mb,23%,-4°, - Day 9Waxing Gibbous,30 c,16 c,None,None,1088,None,None
2023-09-24 07:16:34.899989+05:00,pakistan,30.3017,71.9321,Khanewal,Partly Cloudy,27 c,31 c, 6 km/h,<svg class="Icon--icon--2aW0V Icon--darkTheme--1PZ-8" data-testid="Icon" name="wind-direction" set="current-conditions" style="transform:rotate(120deg)" theme="dark" viewbox="0 0 24 24"><title>Wind Direction</title><path d="M18.467 4.482l-5.738 5.738a1.005 1.005 0 0 1-1.417 0L5.575 4.482l6.446 16.44 6.446-16.44z" fill="none" stroke="currentColor"></path></svg>,1 of 11,12.87 km,Arrow Up1005.1 mb,86%,24°, - Day 9Waxing Gibbous,33 c,25 c,None,None,122,None,None
2023-09-24 07:16:35.848555+05:00,pakistan,30.6706,73.1064,Sahiwal,Rain Shower,25 c,25 c, 10 km/h,<svg class="Icon--icon--2aW0V Icon--darkTheme--1PZ-8" data-testid="Icon" name="wind-direction" set="current-conditions" style="transform:rotate(90deg)" theme="dark" viewbox="0 0 24 24"><title>Wind Direction</title><path d="M18.467 4.482l-5.738 5.738a1.005 1.005 0 0 1-1.417 0L5.575 4.482l6.446 16.44 6.446-16.44z" fill="none" stroke="currentColor"></path></svg>,0 of 11,11.27 km,Arrow Up1005.8 mb,92%,24°, - Day 9Waxing Gibbous,32 c,24 c,None,None,130,None,None
2023-09-24 07:16:35.994279+05:00,pakistan,30.9646,70.9444,Leiah,Partly Cloudy,27 c,30 c, 11 km/h,<svg class="Icon--icon--2aW0V Icon--darkTheme--1PZ-8" data-testid="Icon" name="wind-direction" set="current-conditions" style="transform:rotate(350deg)" theme="dark" viewbox="0 0 24 24"><title>Wind Direction</title><path d="M18.467 4.482l-5.738 5.738a1.005 1.005 0 0 1-1.417 0L5.575 4.482l6.446 16.44 6.446-16.44z" fill="none" stroke="currentColor"></path></svg>,0 of 11,14.48 km,Arrow Up1005.8 mb,83%,23°, - Day 9Waxing Gibbous,34 c,25 c,None,None,124,None,None
2023-09-24 07:16:36.264744+05:00,pakistan,30.9667,72.4833,Toba Tek Singh,Partly Cloudy,25 c,25 c, 11 km/h,<svg class="Icon--icon--2aW0V Icon--darkTheme--1PZ-8" data-testid="Icon" name="wind-direction" set="current-conditions" style="transform:rotate(80deg)" theme="dark" viewbox="0 0 24 24"><title>Wind Direction</title><path d="M18.467 4.482l-5.738 5.738a1.005 1.005 0 0 1-1.417 0L5.575 4.482l6.446 16.44 6.446-16.44z" fill="none" stroke="currentColor"></path></svg>,0 of 11,11.27 km,Arrow Up1005.8 mb,93%,23°, - Day 9Waxing Gibbous,33 c,24 c,None,None,153,None,None
2023-09-24 07:16:36.384802+05:00,pakistan,31.8167,70.9167,Dera Ismail Khan,Partly Cloudy,26 c,26 c, 10 km/h,<svg class="Icon--icon--2aW0V Icon--darkTheme--1PZ-8" data-testid="Icon" name="wind-direction" set="current-conditions" style="transform:rotate(30deg)" theme="dark" viewbox="0 0 24 24"><title>Wind Direction</title><path d="M18.467 4.482l-5.738 5.738a1.005 1.005 0 0 1-1.417 0L5.575 4.482l6.446 16.44 6.446-16.44z" fill="none" stroke="currentColor"></path></svg>,0 of 11,14.48 km,Arrow Up1006.4 mb,87%,23°, - Day 9Waxing Gibbous,33 c,24 c,None,None,142,None,None
2023-09-24 07:16:37.621240+05:00,pakistan,32.4522,71.4718,Kundian,Partly Cloudy,25 c,25 c, 8 km/h,<svg class="Icon--icon--2aW0V Icon--darkTheme--1PZ-8" data-testid="Icon" name="wind-direction" set="current-conditions" style="transform:rotate(20deg)" theme="dark" viewbox="0 0 24 24"><title>Wind Direction</title><path d="M18.467 4.482l-5.738 5.738a1.005 1.005 0 0 1-1.417 0L5.575 4.482l6.446 16.44 6.446-16.44z" fill="none" stroke="currentColor"></path></svg>,0 of 11,12.87 km,Arrow Up1006.4 mb,89%,23°, - Day 9Waxing Gibbous,32 c,24 c,None,None,146,None,None
2023-09-24 07:16:37.752619+05:00,pakistan,30.4068,71.8667,Kabirwala,Fair,27 c,31 c, 6 km/h,<svg class="Icon--icon--2aW0V Icon--darkTheme--1PZ-8" data-testid="Icon" name="wind-direction" set="current-conditions" style="transform:rotate(40deg)" theme="dark" viewbox="0 0 24 24"><title>Wind Direction</title><path d="M18.467 4.482l-5.738 5.738a1.005 1.005 0 0 1-1.417 0L5.575 4.482l6.446 16.44 6.446-16.44z" fill="none" stroke="currentColor"></path></svg>,1 of 11,12.87 km,Arrow Up1005.1 mb,86%,24°, - Day 9Waxing Gibbous,34 c,25 c,None,None,128,None,None
2023-09-24 07:16:37.909519+05:00,pakistan,29.6967,72.5542,Hasilpur,Sunny,28 c,32 c, 6 km/h,<svg class="Icon--icon--2aW0V Icon--darkTheme--1PZ-8" data-testid="Icon" name="wind-direction" set="current-conditions" style="transform:rotate(200deg)" theme="dark" viewbox="0 0 24 24"><title>Wind Direction</title><path d="M18.467 4.482l-5.738 5.738a1.005 1.005 0 0 1-1.417 0L5.575 4.482l6.446 16.44 6.446-16.44z" fill="none" stroke="currentColor"></path></svg>,0 of 11,14.48 km,Arrow Up1005.4 mb,82%,24°, - Day 9Waxing Gibbous,34 c,26 c,None,None,116,None,None
2023-09-24 07:16:38.084203+05:00,pakistan,24.8600,67.0100,Karachi,Smoke,28 c,32 c, 11 km/h,<svg class="Icon--icon--2aW0V Icon--darkTheme--1PZ-8" data-testid="Icon" name="wind-direction" set="current-conditions" style="transform:rotate(250deg)" theme="dark" viewbox="0 0 24 24"><title>Wind Direction</title><path d="M18.467 4.482l-5.738 5.738a1.005 1.005 0 0 1-1.417 0L5.575 4.482l6.446 16.44 6.446-16.44z" fill="none" stroke="currentColor"></path></svg>,0 of 11,4.02 km,Arrow Up1007.1 mb,77%,24°, - Day 9Waxing Gibbous,32 c,26 c,None,None,113,None,None
2023-09-24 07:16:38.927772+05:00,pakistan,34.7500,72.3572,Saidu Sharif,Sunny,21 c,21 c, 10 km/h,<svg class="Icon--icon--2aW0V Icon--darkTheme--1PZ-8" data-testid="Icon" name="wind-direction" set="current-conditions" style="transform:rotate(40deg)" theme="dark" viewbox="0 0 24 24"><title>Wind Direction</title><path d="M18.467 4.482l-5.738 5.738a1.005 1.005 0 0 1-1.417 0L5.575 4.482l6.446 16.44 6.446-16.44z" fill="none" stroke="currentColor"></path></svg>,0 of 11,14.48 km,Arrow Up1010.2 mb,64%,13°, - Day 9Waxing Gibbous,29 c,17 c,None,None,87,None,None
2023-09-24 07:16:39.070139+05:00,pakistan,26.2442,68.4100,Nawabshah,Sunny,29 c,32 c, 13 km/h,<svg class="Icon--icon--2aW0V Icon--darkTheme--1PZ-8" data-testid="Icon" name="wind-direction" set="current-conditions" style="transform:rotate(170deg)" theme="dark" viewbox="0 0 24 24"><title>Wind Direction</title><path d="M18.467 4.482l-5.738 5.738a1.005 1.005 0 0 1-1.417 0L5.575 4.482l6.446 16.44 6.446-16.44z" fill="none" stroke="currentColor"></path></svg>,0 of 11,Unlimited,Arrow Up1004.7 mb,64%,21°, - Day 9Waxing Gibbous,40 c,25 c,None,None,97,None,None
2023-09-24 07:16:39.292260+05:00,pakistan,34.5656,71.9304,Malakand,Sunny,22 c,22 c, 10 km/h,<svg class="Icon--icon--2aW0V Icon--darkTheme--1PZ-8" data-testid="Icon" name="wind-direction" set="current-conditions" style="transform:rotate(20deg)" theme="dark" viewbox="0 0 24 24"><title>Wind Direction</title><path d="M18.467 4.482l-5.738 5.738a1.005 1.005 0 0 1-1.417 0L5.575 4.482l6.446 16.44 6.446-16.44z" fill="none" stroke="currentColor"></path></svg>,0 of 11,14.48 km,Arrow Up1008.8 mb,68%,16°, - Day 9Waxing Gibbous,29 c,18 c,None,None,109,None,None
2023-09-24 07:16:39.308759+05:00,pakistan,32.2628,75.1583,Shakargarh,Fog,24 c,24 c, 5 km/h,<svg class="Icon--icon--2aW0V Icon--darkTheme--1PZ-8" data-testid="Icon" name="wind-direction" set="current-conditions" style="transform:rotate(30deg)" theme="dark" viewbox="0 0 24 24"><title>Wind Direction</title><path d="M18.467 4.482l-5.738 5.738a1.005 1.005 0 0 1-1.417 0L5.575 4.482l6.446 16.44 6.446-16.44z" fill="none" stroke="currentColor"></path></svg>,0 of 11,2.41 km,Arrow Up1007.5 mb,90%,22°, - Day 9Waxing Gibbous,31 c,23 c,None,None,114,None,None
2023-09-24 07:16:40.124550+05:00,pakistan,31.5497,74.3436,Lahore,Fog,24 c,24 c, 10 km/h,<svg class="Icon--icon--2aW0V Icon--darkTheme--1PZ-8" data-testid="Icon" name="wind-direction" set="current-conditions" style="transform:rotate(120deg)" theme="dark" viewbox="0 0 24 24"><title>Wind Direction</title><path d="M18.467 4.482l-5.738 5.738a1.005 1.005 0 0 1-1.417 0L5.575 4.482l6.446 16.44 6.446-16.44z" fill="none" stroke="currentColor"></path></svg>,0 of 11,2.41 km,Arrow Up1007.1 mb,87%,22°, - Day 9Waxing Gibbous,30 c,23 c,None,None,132,None,None
2023-09-24 07:16:40.336872+05:00,pakistan,34.7717,72.3600,Mingaora,Sunny,21 c,21 c, 10 km/h,<svg class="Icon--icon--2aW0V Icon--darkTheme--1PZ-8" data-testid="Icon" name="wind-direction" set="current-conditions" style="transform:rotate(40deg)" theme="dark" viewbox="0 0 24 24"><title>Wind Direction</title><path d="M18.467 4.482l-5.738 5.738a1.005 1.005 0 0 1-1.417 0L5.575 4.482l6.446 16.44 6.446-16.44z" fill="none" stroke="currentColor"></path></svg>,0 of 11,14.48 km,Arrow Up1010.2 mb,64%,13°, - Day 9Waxing Gibbous,29 c,17 c,None,None,87,None,None
2023-09-24 07:16:40.592266+05:00,pakistan,33.8195,72.6890,Hassan Abdal,Smoke,23 c,23 c, 0 km/h,<svg class="Icon--icon--2aW0V Icon--darkTheme--1PZ-8" data-testid="Icon" name="wind-direction" set="current-conditions" style="transform:rotate(40deg)" theme="dark" viewbox="0 0 24 24"><title>Wind Direction</title><path d="M18.467 4.482l-5.738 5.738a1.005 1.005 0 0 1-1.417 0L5.575 4.482l6.446 16.44 6.446-16.44z" fill="none" stroke="currentColor"></path></svg>,1 of 11,4.83 km,Arrow Up1009.1 mb,85%,20°, - Day 9Waxing Gibbous,31 c,20 c,None,None,136,None,None
2023-09-24 07:16:41.475785+05:00,pakistan,30.3705,68.5979,Loralai,Sunny,18 c,18 c, 6 km/h,<svg class="Icon--icon--2aW0V Icon--darkTheme--1PZ-8" data-testid="Icon" name="wind-direction" set="current-conditions" style="transform:rotate(340deg)" theme="dark" viewbox="0 0 24 24"><title>Wind Direction</title><path d="M18.467 4.482l-5.738 5.738a1.005 1.005 0 0 1-1.417 0L5.575 4.482l6.446 16.44 6.446-16.44z" fill="none" stroke="currentColor"></path></svg>,0 of 11,Unlimited,Arrow Up1009.1 mb,36%,3°, - Day 9Waxing Gibbous,31 c,15 c,None,None,83,None,None
2023-09-24 07:16:41.602182+05:00,pakistan,27.9556,68.6382,Shikarpur,Sunny,29 c,34 c, 6 km/h,<svg class="Icon--icon--2aW0V Icon--darkTheme--1PZ-8" data-testid="Icon" name="wind-direction" set="current-conditions" style="transform:rotate(130deg)" theme="dark" viewbox="0 0 24 24"><title>Wind Direction</title><path d="M18.467 4.482l-5.738 5.738a1.005 1.005 0 0 1-1.417 0L5.575 4.482l6.446 16.44 6.446-16.44z" fill="none" stroke="currentColor"></path></svg>,0 of 11,14.48 km,Arrow Up1004.4 mb,71%,23°, - Day 9Waxing Gibbous,40 c,26 c,None,None,97,None,None
2023-09-24 07:16:41.758238+05:00,pakistan,32.0836,72.6711,Sargodha,Partly Cloudy,24 c,24 c, 10 km/h,<svg class="Icon--icon--2aW0V Icon--darkTheme--1PZ-8" data-testid="Icon" name="wind-direction" set="current-conditions" style="transform:rotate(60deg)" theme="dark" viewbox="0 0 24 24"><title>Wind Direction</title><path d="M18.467 4.482l-5.738 5.738a1.005 1.005 0 0 1-1.417 0L5.575 4.482l6.446 16.44 6.446-16.44z" fill="none" stroke="currentColor"></path></svg>,0 of 11,11.27 km,Arrow Up1006.4 mb,93%,23°, - Day 9Waxing Gibbous,31 c,23 c,None,None,152,None,None
2023-09-24 07:16:41.858656+05:00,pakistan,31.9286,70.4592,Kulachi,Partly Cloudy,26 c,28 c, 8 km/h,<svg class="Icon--icon--2aW0V Icon--darkTheme--1PZ-8" data-testid="Icon" name="wind-direction" set="current-conditions" style="transform:rotate(0deg)" theme="dark" viewbox="0 0 24 24"><title>Wind Direction</title><path d="M18.467 4.482l-5.738 5.738a1.005 1.005 0 0 1-1.417 0L5.575 4.482l6.446 16.44 6.446-16.44z" fill="none" stroke="currentColor"></path></svg>,0 of 11,14.48 km,Arrow Up1006.8 mb,84%,23°, - Day 9Waxing Gibbous,33 c,24 c,None,None,131,None,None
2023-09-24 07:16:43.001316+05:00,pakistan,28.6471,70.6620,Khanpur,Sunny,29 c,35 c, 6 km/h,<svg class="Icon--icon--2aW0V Icon--darkTheme--1PZ-8" data-testid="Icon" name="wind-direction" set="current-conditions" style="transform:rotate(210deg)" theme="dark" viewbox="0 0 24 24"><title>Wind Direction</title><path d="M18.467 4.482l-5.738 5.738a1.005 1.005 0 0 1-1.417 0L5.575 4.482l6.446 16.44 6.446-16.44z" fill="none" stroke="currentColor"></path></svg>,0 of 11,Unlimited,Arrow Up1005.1 mb,76%,24°, - Day 9Waxing Gibbous,37 c,28 c,None,None,102,None,None
2023-09-24 07:16:43.254051+05:00,pakistan,28.5846,65.4150,Kharan,Sunny,18 c,18 c, 6 km/h,<svg class="Icon--icon--2aW0V Icon--darkTheme--1PZ-8" data-testid="Icon" name="wind-direction" set="current-conditions" style="transform:rotate(130deg)" theme="dark" viewbox="0 0 24 24"><title>Wind Direction</title><path d="M18.467 4.482l-5.738 5.738a1.005 1.005 0 0 1-1.417 0L5.575 4.482l6.446 16.44 6.446-16.44z" fill="none" stroke="currentColor"></path></svg>,0 of 11,Unlimited,Arrow Up1011.9 mb,26%,-2°, - Day 9Waxing Gibbous,32 c,15 c,None,None,161,None,None
2023-09-24 07:16:43.298017+05:00,pakistan,29.7997,66.8455,Mastung,Sunny,13 c,13 c, 3 km/h,<svg class="Icon--icon--2aW0V Icon--darkTheme--1PZ-8" data-testid="Icon" name="wind-direction" set="current-conditions" style="transform:rotate(130deg)" theme="dark" viewbox="0 0 24 24"><title>Wind Direction</title><path d="M18.467 4.482l-5.738 5.738a1.005 1.005 0 0 1-1.417 0L5.575 4.482l6.446 16.44 6.446-16.44z" fill="none" stroke="currentColor"></path></svg>,0 of 11,Unlimited,Arrow Up1011.5 mb,32%,-4°, - Day 9Waxing Gibbous,27 c,10 c,None,None,68,None,None
2023-09-24 07:16:43.440440+05:00,pakistan,24.6558,68.8383,Badin,Partly Cloudy,28 c,33 c, 13 km/h,<svg class="Icon--icon--2aW0V Icon--darkTheme--1PZ-8" data-testid="Icon" name="wind-direction" set="current-conditions" style="transform:rotate(230deg)" theme="dark" viewbox="0 0 24 24"><title>Wind Direction</title><path d="M18.467 4.482l-5.738 5.738a1.005 1.005 0 0 1-1.417 0L5.575 4.482l6.446 16.44 6.446-16.44z" fill="none" stroke="currentColor"></path></svg>,0 of 11,14.48 km,Arrow Up1006.8 mb,83%,24°, - Day 9Waxing Gibbous,35 c,25 c,None,None,62,None,None
2023-09-24 07:16:45.156481+05:00,pakistan,28.6132,67.4856,Gandava,Sunny,29 c,30 c, 6 km/h,<svg class="Icon--icon--2aW0V Icon--darkTheme--1PZ-8" data-testid="Icon" name="wind-direction" set="current-conditions" style="transform:rotate(0deg)" theme="dark" viewbox="0 0 24 24"><title>Wind Direction</title><path d="M18.467 4.482l-5.738 5.738a1.005 1.005 0 0 1-1.417 0L5.575 4.482l6.446 16.44 6.446-16.44z" fill="none" stroke="currentColor"></path></svg>,0 of 11,Unlimited,Arrow Up1004.7 mb,39%,14°, - Day 9Waxing Gibbous,40 c,27 c,None,None,76,None,None
2023-09-24 07:16:45.219330+05:00,pakistan,29.0362,69.1585,Dera Bugti,Fair,27 c,29 c, 2 km/h,<svg class="Icon--icon--2aW0V Icon--darkTheme--1PZ-8" data-testid="Icon" name="wind-direction" set="current-conditions" style="transform:rotate(40deg)" theme="dark" viewbox="0 0 24 24"><title>Wind Direction</title><path d="M18.467 4.482l-5.738 5.738a1.005 1.005 0 0 1-1.417 0L5.575 4.482l6.446 16.44 6.446-16.44z" fill="none" stroke="currentColor"></path></svg>,0 of 11,14.48 km,Arrow Up1006.1 mb,77%,22°, - Day 9Waxing Gibbous,34 c,25 c,None,None,88,None,None
2023-09-24 07:16:45.304322+05:00,pakistan,35.9208,74.3144,Gilgit,Mostly Cloudy,17 c,17 c, 6 km/h,<svg class="Icon--icon--2aW0V Icon--darkTheme--1PZ-8" data-testid="Icon" name="wind-direction" set="current-conditions" style="transform:rotate(330deg)" theme="dark" viewbox="0 0 24 24"><title>Wind Direction</title><path d="M18.467 4.482l-5.738 5.738a1.005 1.005 0 0 1-1.417 0L5.575 4.482l6.446 16.44 6.446-16.44z" fill="none" stroke="currentColor"></path></svg>,0 of 11,14.48 km,Arrow Up1016.9 mb,72%,12°, - Day 9Waxing Gibbous,22 c,15 c,None,None,48,None,None
2023-09-24 07:16:45.425449+05:00,pakistan,32.1500,74.1833,Gujranwala,Fog,24 c,24 c, 6 km/h,<svg class="Icon--icon--2aW0V Icon--darkTheme--1PZ-8" data-testid="Icon" name="wind-direction" set="current-conditions" style="transform:rotate(50deg)" theme="dark" viewbox="0 0 24 24"><title>Wind Direction</title><path d="M18.467 4.482l-5.738 5.738a1.005 1.005 0 0 1-1.417 0L5.575 4.482l6.446 16.44 6.446-16.44z" fill="none" stroke="currentColor"></path></svg>,0 of 11,2.41 km,Arrow Up1006.8 mb,90%,22°, - Day 9Waxing Gibbous,31 c,23 c,None,None,135,None,None
2023-09-24 07:16:46.696217+05:00,pakistan,31.3342,73.4194,Jaranwala,Fog,24 c,24 c, 10 km/h,<svg class="Icon--icon--2aW0V Icon--darkTheme--1PZ-8" data-testid="Icon" name="wind-direction" set="current-conditions" style="transform:rotate(90deg)" theme="dark" viewbox="0 0 24 24"><title>Wind Direction</title><path d="M18.467 4.482l-5.738 5.738a1.005 1.005 0 0 1-1.417 0L5.575 4.482l6.446 16.44 6.446-16.44z" fill="none" stroke="currentColor"></path></svg>,0 of 11,2.41 km,Arrow Up1006.1 mb,91%,23°, - Day 9Waxing Gibbous,31 c,23 c,None,None,141,None,None
2023-09-24 07:16:47.134044+05:00,pakistan,29.8965,69.2532,Kohlu,Sunny,21 c,21 c, 2 km/h,<svg class="Icon--icon--2aW0V Icon--darkTheme--1PZ-8" data-testid="Icon" name="wind-direction" set="current-conditions" style="transform:rotate(200deg)" theme="dark" viewbox="0 0 24 24"><title>Wind Direction</title><path d="M18.467 4.482l-5.738 5.738a1.005 1.005 0 0 1-1.417 0L5.575 4.482l6.446 16.44 6.446-16.44z" fill="none" stroke="currentColor"></path></svg>,0 of 11,14.48 km,Arrow Up1008.1 mb,77%,16°, - Day 9Waxing Gibbous,29 c,17 c,None,None,84,None,None
2023-09-24 07:16:47.371982+05:00,pakistan,34.9000,72.6556,Alpurai,Sunny,17 c,17 c, 10 km/h,<svg class="Icon--icon--2aW0V Icon--darkTheme--1PZ-8" data-testid="Icon" name="wind-direction" set="current-conditions" style="transform:rotate(30deg)" theme="dark" viewbox="0 0 24 24"><title>Wind Direction</title><path d="M18.467 4.482l-5.738 5.738a1.005 1.005 0 0 1-1.417 0L5.575 4.482l6.446 16.44 6.446-16.44z" fill="none" stroke="currentColor"></path></svg>,0 of 11,Unlimited,Arrow Up1011.2 mb,65%,10°, - Day 9Waxing Gibbous,23 c,12 c,None,None,79,None,None
2023-09-24 07:16:47.397859+05:00,pakistan,32.5000,74.5333,Sialkot City,Fog,24 c,24 c, 8 km/h,<svg class="Icon--icon--2aW0V Icon--darkTheme--1PZ-8" data-testid="Icon" name="wind-direction" set="current-conditions" style="transform:rotate(50deg)" theme="dark" viewbox="0 0 24 24"><title>Wind Direction</title><path d="M18.467 4.482l-5.738 5.738a1.005 1.005 0 0 1-1.417 0L5.575 4.482l6.446 16.44 6.446-16.44z" fill="none" stroke="currentColor"></path></svg>,0 of 11,2.41 km,Arrow Up1007.1 mb,88%,22°, - Day 9Waxing Gibbous,31 c,23 c,None,None,138,None,None
2023-09-24 07:16:47.808456+05:00,pakistan,32.7012,73.9605,Lala Musa,Partly Cloudy,24 c,24 c, 8 km/h,<svg class="Icon--icon--2aW0V Icon--darkTheme--1PZ-8" data-testid="Icon" name="wind-direction" set="current-conditions" style="transform:rotate(20deg)" theme="dark" viewbox="0 0 24 24"><title>Wind Direction</title><path d="M18.467 4.482l-5.738 5.738a1.005 1.005 0 0 1-1.417 0L5.575 4.482l6.446 16.44 6.446-16.44z" fill="none" stroke="currentColor"></path></svg>,1 of 11,11.27 km,Arrow Up1007.1 mb,84%,22°, - Day 9Waxing Gibbous,31 c,22 c,None,None,123,None,None
2023-09-24 07:16:48.611145+05:00,pakistan,32.6072,70.9123,Lakki,Light Rain,25 c,25 c, 5 km/h,<svg class="Icon--icon--2aW0V Icon--darkTheme--1PZ-8" data-testid="Icon" name="wind-direction" set="current-conditions" style="transform:rotate(0deg)" theme="dark" viewbox="0 0 24 24"><title>Wind Direction</title><path d="M18.467 4.482l-5.738 5.738a1.005 1.005 0 0 1-1.417 0L5.575 4.482l6.446 16.44 6.446-16.44z" fill="none" stroke="currentColor"></path></svg>,0 of 11,14.48 km,Arrow Up1006.8 mb,84%,22°, - Day 9Waxing Gibbous,32 c,24 c,None,None,151,None,None
2023-09-24 07:16:48.832211+05:00,pakistan,30.3500,73.4000,Pakpattan,Rain,26 c,29 c, 8 km/h,<svg class="Icon--icon--2aW0V Icon--darkTheme--1PZ-8" data-testid="Icon" name="wind-direction" set="current-conditions" style="transform:rotate(90deg)" theme="dark" viewbox="0 0 24 24"><title>Wind Direction</title><path d="M18.467 4.482l-5.738 5.738a1.005 1.005 0 0 1-1.417 0L5.575 4.482l6.446 16.44 6.446-16.44z" fill="none" stroke="currentColor"></path></svg>,0 of 11,11.27 km,Arrow Up1005.8 mb,90%,24°, - Day 9Waxing Gibbous,33 c,25 c,None,None,123,None,None
2023-09-24 07:16:49.026790+05:00,pakistan,25.4667,68.7167,Tando Allahyar,Sunny,28 c,32 c, 16 km/h,<svg class="Icon--icon--2aW0V Icon--darkTheme--1PZ-8" data-testid="Icon" name="wind-direction" set="current-conditions" style="transform:rotate(210deg)" theme="dark" viewbox="0 0 24 24"><title>Wind Direction</title><path d="M18.467 4.482l-5.738 5.738a1.005 1.005 0 0 1-1.417 0L5.575 4.482l6.446 16.44 6.446-16.44z" fill="none" stroke="currentColor"></path></svg>,0 of 11,Unlimited,Arrow Up1005.8 mb,74%,23°, - Day 9Waxing Gibbous,38 c,25 c,None,None,80,None,None
2023-09-24 07:16:49.818754+05:00,pakistan,33.8578,73.7604,Rawala Kot,Sunny,18 c,18 c, 6 km/h,<svg class="Icon--icon--2aW0V Icon--darkTheme--1PZ-8" data-testid="Icon" name="wind-direction" set="current-conditions" style="transform:rotate(60deg)" theme="dark" viewbox="0 0 24 24"><title>Wind Direction</title><path d="M18.467 4.482l-5.738 5.738a1.005 1.005 0 0 1-1.417 0L5.575 4.482l6.446 16.44 6.446-16.44z" fill="none" stroke="currentColor"></path></svg>,1 of 11,14.48 km,Arrow Up1009.1 mb,65%,11°, - Day 9Waxing Gibbous,24 c,14 c,None,None,65,None,None
2023-09-24 07:16:49.940261+05:00,pakistan,32.5861,73.4917,Mandi Bahauddin,Partly Cloudy,24 c,24 c, 8 km/h,<svg class="Icon--icon--2aW0V Icon--darkTheme--1PZ-8" data-testid="Icon" name="wind-direction" set="current-conditions" style="transform:rotate(40deg)" theme="dark" viewbox="0 0 24 24"><title>Wind Direction</title><path d="M18.467 4.482l-5.738 5.738a1.005 1.005 0 0 1-1.417 0L5.575 4.482l6.446 16.44 6.446-16.44z" fill="none" stroke="currentColor"></path></svg>,1 of 11,9.66 km,Arrow Up1006.8 mb,89%,22°, - Day 9Waxing Gibbous,32 c,22 c,None,None,136,None,None
2023-09-24 07:16:50.162265+05:00,pakistan,30.8594,69.8221,Musa Khel Bazar,Sunny,16 c,16 c, 3 km/h,<svg class="Icon--icon--2aW0V Icon--darkTheme--1PZ-8" data-testid="Icon" name="wind-direction" set="current-conditions" style="transform:rotate(300deg)" theme="dark" viewbox="0 0 24 24"><title>Wind Direction</title><path d="M18.467 4.482l-5.738 5.738a1.005 1.005 0 0 1-1.417 0L5.575 4.482l6.446 16.44 6.446-16.44z" fill="none" stroke="currentColor"></path></svg>,0 of 11,Unlimited,Arrow Up1009.1 mb,68%,10°, - Day 9Waxing Gibbous,27 c,13 c,None,None,92,None,None
2023-09-24 07:16:50.503754+05:00,pakistan,34.5111,72.4844,Daggar,Sunny,23 c,23 c, 10 km/h,<svg class="Icon--icon--2aW0V Icon--darkTheme--1PZ-8" data-testid="Icon" name="wind-direction" set="current-conditions" style="transform:rotate(30deg)" theme="dark" viewbox="0 0 24 24"><title>Wind Direction</title><path d="M18.467 4.482l-5.738 5.738a1.005 1.005 0 0 1-1.417 0L5.575 4.482l6.446 16.44 6.446-16.44z" fill="none" stroke="currentColor"></path></svg>,0 of 11,14.48 km,Arrow Up1008.8 mb,66%,16°, - Day 9Waxing Gibbous,29 c,18 c,None,None,90,None,None
2023-09-24 07:16:51.192623+05:00,pakistan,31.8020,74.2550,Muridke,Fog,24 c,24 c, 8 km/h,<svg class="Icon--icon--2aW0V Icon--darkTheme--1PZ-8" data-testid="Icon" name="wind-direction" set="current-conditions" style="transform:rotate(60deg)" theme="dark" viewbox="0 0 24 24"><title>Wind Direction</title><path d="M18.467 4.482l-5.738 5.738a1.005 1.005 0 0 1-1.417 0L5.575 4.482l6.446 16.44 6.446-16.44z" fill="none" stroke="currentColor"></path></svg>,0 of 11,2.41 km,Arrow Up1006.8 mb,91%,22°, - Day 9Waxing Gibbous,30 c,23 c,None,None,131,None,None
2023-09-24 07:16:51.398069+05:00,pakistan,26.8401,68.1227,Naushahro Firoz,Sunny,29 c,32 c, 6 km/h,<svg class="Icon--icon--2aW0V Icon--darkTheme--1PZ-8" data-testid="Icon" name="wind-direction" set="current-conditions" style="transform:rotate(160deg)" theme="dark" viewbox="0 0 24 24"><title>Wind Direction</title><path d="M18.467 4.482l-5.738 5.738a1.005 1.005 0 0 1-1.417 0L5.575 4.482l6.446 16.44 6.446-16.44z" fill="none" stroke="currentColor"></path></svg>,0 of 11,Unlimited,Arrow Up1004.1 mb,63%,21°, - Day 9Waxing Gibbous,41 c,25 c,None,None,122,None,None
2023-09-24 07:16:51.902786+05:00,pakistan,32.8110,73.8650,Kharian,Partly Cloudy,24 c,24 c, 8 km/h,<svg class="Icon--icon--2aW0V Icon--darkTheme--1PZ-8" data-testid="Icon" name="wind-direction" set="current-conditions" style="transform:rotate(20deg)" theme="dark" viewbox="0 0 24 24"><title>Wind Direction</title><path d="M18.467 4.482l-5.738 5.738a1.005 1.005 0 0 1-1.417 0L5.575 4.482l6.446 16.44 6.446-16.44z" fill="none" stroke="currentColor"></path></svg>,1 of 11,11.27 km,Arrow Up1007.1 mb,84%,22°, - Day 9Waxing Gibbous,31 c,22 c,None,None,123,None,None
2023-09-24 07:16:52.123812+05:00,pakistan,25.8072,66.6219,Uthal,Fair,26 c,29 c, 3 km/h,<svg class="Icon--icon--2aW0V Icon--darkTheme--1PZ-8" data-testid="Icon" name="wind-direction" set="current-conditions" style="transform:rotate(140deg)" theme="dark" viewbox="0 0 24 24"><title>Wind Direction</title><path d="M18.467 4.482l-5.738 5.738a1.005 1.005 0 0 1-1.417 0L5.575 4.482l6.446 16.44 6.446-16.44z" fill="none" stroke="currentColor"></path></svg>,0 of 11,11.27 km,Arrow Up1006.8 mb,84%,23°, - Day 9Waxing Gibbous,37 c,23 c,None,None,154,None,None
2023-09-24 07:16:52.299085+05:00,pakistan,31.4492,73.7124,Nankana Sahib,Fog,24 c,24 c, 10 km/h,<svg class="Icon--icon--2aW0V Icon--darkTheme--1PZ-8" data-testid="Icon" name="wind-direction" set="current-conditions" style="transform:rotate(90deg)" theme="dark" viewbox="0 0 24 24"><title>Wind Direction</title><path d="M18.467 4.482l-5.738 5.738a1.005 1.005 0 0 1-1.417 0L5.575 4.482l6.446 16.44 6.446-16.44z" fill="none" stroke="currentColor"></path></svg>,0 of 11,2.41 km,Arrow Up1006.1 mb,92%,23°, - Day 9Waxing Gibbous,31 c,23 c,None,None,133,None,None
2023-09-24 07:16:52.695487+05:00,pakistan,30.1500,72.6833,Mandi Burewala,Fair,27 c,31 c, 6 km/h,<svg class="Icon--icon--2aW0V Icon--darkTheme--1PZ-8" data-testid="Icon" name="wind-direction" set="current-conditions" style="transform:rotate(90deg)" theme="dark" viewbox="0 0 24 24"><title>Wind Direction</title><path d="M18.467 4.482l-5.738 5.738a1.005 1.005 0 0 1-1.417 0L5.575 4.482l6.446 16.44 6.446-16.44z" fill="none" stroke="currentColor"></path></svg>,1 of 11,12.87 km,Arrow Up1005.4 mb,88%,24°, - Day 9Waxing Gibbous,33 c,25 c,None,None,124,None,None
2023-09-24 07:16:53.276712+05:00,pakistan,31.0214,73.8528,Pattoki,Partly Cloudy,24 c,24 c, 11 km/h,<svg class="Icon--icon--2aW0V Icon--darkTheme--1PZ-8" data-testid="Icon" name="wind-direction" set="current-conditions" style="transform:rotate(90deg)" theme="dark" viewbox="0 0 24 24"><title>Wind Direction</title><path d="M18.467 4.482l-5.738 5.738a1.005 1.005 0 0 1-1.417 0L5.575 4.482l6.446 16.44 6.446-16.44z" fill="none" stroke="currentColor"></path></svg>,1 of 11,9.66 km,Arrow Up1006.1 mb,91%,23°, - Day 9Waxing Gibbous,31 c,23 c,None,None,133,None,None
2023-09-24 07:16:53.400348+05:00,pakistan,32.9889,70.6056,Bannu,Partly Cloudy,24 c,24 c, 8 km/h,<svg class="Icon--icon--2aW0V Icon--darkTheme--1PZ-8" data-testid="Icon" name="wind-direction" set="current-conditions" style="transform:rotate(320deg)" theme="dark" viewbox="0 0 24 24"><title>Wind Direction</title><path d="M18.467 4.482l-5.738 5.738a1.005 1.005 0 0 1-1.417 0L5.575 4.482l6.446 16.44 6.446-16.44z" fill="none" stroke="currentColor"></path></svg>,0 of 11,Unlimited,Arrow Up1007.5 mb,79%,21°, - Day 9Waxing Gibbous,32 c,23 c,None,None,123,None,None
2023-09-24 07:16:53.533296+05:00,pakistan,29.8977,69.5256,Barkhan,Sunny,23 c,23 c, 2 km/h,<svg class="Icon--icon--2aW0V Icon--darkTheme--1PZ-8" data-testid="Icon" name="wind-direction" set="current-conditions" style="transform:rotate(320deg)" theme="dark" viewbox="0 0 24 24"><title>Wind Direction</title><path d="M18.467 4.482l-5.738 5.738a1.005 1.005 0 0 1-1.417 0L5.575 4.482l6.446 16.44 6.446-16.44z" fill="none" stroke="currentColor"></path></svg>,0 of 11,12.87 km,Arrow Up1007.8 mb,81%,19°, - Day 9Waxing Gibbous,30 c,20 c,None,None,85,None,None
2023-09-24 07:16:53.837003+05:00,pakistan,34.0153,71.9747,Nowshera,Fair,24 c,24 c, 8 km/h,<svg class="Icon--icon--2aW0V Icon--darkTheme--1PZ-8" data-testid="Icon" name="wind-direction" set="current-conditions" style="transform:rotate(280deg)" theme="dark" viewbox="0 0 24 24"><title>Wind Direction</title><path d="M18.467 4.482l-5.738 5.738a1.005 1.005 0 0 1-1.417 0L5.575 4.482l6.446 16.44 6.446-16.44z" fill="none" stroke="currentColor"></path></svg>,0 of 11,12.87 km,Arrow Up1007.8 mb,85%,21°, - Day 9Waxing Gibbous,32 c,21 c,None,None,145,None,None
2023-09-24 07:16:54.644955+05:00,pakistan,34.0049,71.9989,Risalpur Cantonment,Fair,24 c,24 c, 8 km/h,<svg class="Icon--icon--2aW0V Icon--darkTheme--1PZ-8" data-testid="Icon" name="wind-direction" set="current-conditions" style="transform:rotate(280deg)" theme="dark" viewbox="0 0 24 24"><title>Wind Direction</title><path d="M18.467 4.482l-5.738 5.738a1.005 1.005 0 0 1-1.417 0L5.575 4.482l6.446 16.44 6.446-16.44z" fill="none" stroke="currentColor"></path></svg>,0 of 11,12.87 km,Arrow Up1007.8 mb,85%,21°, - Day 9Waxing Gibbous,32 c,21 c,None,None,145,None,None
2023-09-24 07:16:54.801235+05:00,pakistan,25.5269,69.0111,Mirpur Khas,Sunny,28 c,32 c, 14 km/h,<svg class="Icon--icon--2aW0V Icon--darkTheme--1PZ-8" data-testid="Icon" name="wind-direction" set="current-conditions" style="transform:rotate(200deg)" theme="dark" viewbox="0 0 24 24"><title>Wind Direction</title><path d="M18.467 4.482l-5.738 5.738a1.005 1.005 0 0 1-1.417 0L5.575 4.482l6.446 16.44 6.446-16.44z" fill="none" stroke="currentColor"></path></svg>,0 of 11,Unlimited,Arrow Up1006.1 mb,79%,24°, - Day 9Waxing Gibbous,38 c,25 c,None,None,74,None,None
2023-09-24 07:16:55.009676+05:00,pakistan,32.9300,72.8500,Chakwal,Partly Cloudy,23 c,23 c, 8 km/h,<svg class="Icon--icon--2aW0V Icon--darkTheme--1PZ-8" data-testid="Icon" name="wind-direction" set="current-conditions" style="transform:rotate(80deg)" theme="dark" viewbox="0 0 24 24"><title>Wind Direction</title><path d="M18.467 4.482l-5.738 5.738a1.005 1.005 0 0 1-1.417 0L5.575 4.482l6.446 16.44 6.446-16.44z" fill="none" stroke="currentColor"></path></svg>,0 of 11,11.27 km,Arrow Up1007.1 mb,90%,21°, - Day 9Waxing Gibbous,30 c,20 c,None,None,105,None,None
2023-09-24 07:16:55.071158+05:00,pakistan,30.4700,70.9644,Kot Addu,Fair,27 c,31 c, 11 km/h,<svg class="Icon--icon--2aW0V Icon--darkTheme--1PZ-8" data-testid="Icon" name="wind-direction" set="current-conditions" style="transform:rotate(350deg)" theme="dark" viewbox="0 0 24 24"><title>Wind Direction</title><path d="M18.467 4.482l-5.738 5.738a1.005 1.005 0 0 1-1.417 0L5.575 4.482l6.446 16.44 6.446-16.44z" fill="none" stroke="currentColor"></path></svg>,0 of 11,14.48 km,Arrow Up1005.4 mb,82%,24°, - Day 9Waxing Gibbous,35 c,25 c,None,None,112,None,None
2023-09-24 07:16:55.945272+05:00,pakistan,34.1167,72.4667,Swabi,Sunny,23 c,23 c, 8 km/h,<svg class="Icon--icon--2aW0V Icon--darkTheme--1PZ-8" data-testid="Icon" name="wind-direction" set="current-conditions" style="transform:rotate(60deg)" theme="dark" viewbox="0 0 24 24"><title>Wind Direction</title><path d="M18.467 4.482l-5.738 5.738a1.005 1.005 0 0 1-1.417 0L5.575 4.482l6.446 16.44 6.446-16.44z" fill="none" stroke="currentColor"></path></svg>,0 of 11,12.87 km,Arrow Up1007.8 mb,84%,21°, - Day 9Waxing Gibbous,31 c,20 c,None,None,138,None,None
2023-09-24 07:16:56.131316+05:00,pakistan,29.1041,70.3297,Rajanpur,Sunny,29 c,34 c, 6 km/h,<svg class="Icon--icon--2aW0V Icon--darkTheme--1PZ-8" data-testid="Icon" name="wind-direction" set="current-conditions" style="transform:rotate(340deg)" theme="dark" viewbox="0 0 24 24"><title>Wind Direction</title><path d="M18.467 4.482l-5.738 5.738a1.005 1.005 0 0 1-1.417 0L5.575 4.482l6.446 16.44 6.446-16.44z" fill="none" stroke="currentColor"></path></svg>,0 of 11,Unlimited,Arrow Up1005.1 mb,74%,24°, - Day 9Waxing Gibbous,37 c,27 c,None,None,94,None,None
2023-09-24 07:16:56.313281+05:00,pakistan,31.4180,73.0790,Faisalabad,Partly Cloudy,24 c,24 c, 11 km/h,<svg class="Icon--icon--2aW0V Icon--darkTheme--1PZ-8" data-testid="Icon" name="wind-direction" set="current-conditions" style="transform:rotate(80deg)" theme="dark" viewbox="0 0 24 24"><title>Wind Direction</title><path d="M18.467 4.482l-5.738 5.738a1.005 1.005 0 0 1-1.417 0L5.575 4.482l6.446 16.44 6.446-16.44z" fill="none" stroke="currentColor"></path></svg>,0 of 11,11.27 km,Arrow Up1006.1 mb,91%,23°, - Day 9Waxing Gibbous,31 c,23 c,None,None,147,None,None
2023-09-24 07:16:56.466310+05:00,pakistan,28.4167,68.1667,Dera Allahyar,Sunny,29 c,34 c, 6 km/h,<svg class="Icon--icon--2aW0V Icon--darkTheme--1PZ-8" data-testid="Icon" name="wind-direction" set="current-conditions" style="transform:rotate(80deg)" theme="dark" viewbox="0 0 24 24"><title>Wind Direction</title><path d="M18.467 4.482l-5.738 5.738a1.005 1.005 0 0 1-1.417 0L5.575 4.482l6.446 16.44 6.446-16.44z" fill="none" stroke="currentColor"></path></svg>,0 of 11,14.48 km,Arrow Up1004.4 mb,71%,24°, - Day 9Waxing Gibbous,40 c,27 c,None,None,98,None,None
2023-09-24 07:16:57.031756+05:00,pakistan,36.3078,74.6178,Aliabad,Cloudy,11 c,10 c, 8 km/h,<svg class="Icon--icon--2aW0V Icon--darkTheme--1PZ-8" data-testid="Icon" name="wind-direction" set="current-conditions" style="transform:rotate(30deg)" theme="dark" viewbox="0 0 24 24"><title>Wind Direction</title><path d="M18.467 4.482l-5.738 5.738a1.005 1.005 0 0 1-1.417 0L5.575 4.482l6.446 16.44 6.446-16.44z" fill="none" stroke="currentColor"></path></svg>,0 of 11,11.27 km,Arrow Up1019.0 mb,79%,7°, - Day 9Waxing Gibbous,14 c,9 c,None,None,42,None,None
2023-09-24 07:16:57.249946+05:00,pakistan,32.2952,72.3502,Khushab,Partly Cloudy,24 c,24 c, 10 km/h,<svg class="Icon--icon--2aW0V Icon--darkTheme--1PZ-8" data-testid="Icon" name="wind-direction" set="current-conditions" style="transform:rotate(70deg)" theme="dark" viewbox="0 0 24 24"><title>Wind Direction</title><path d="M18.467 4.482l-5.738 5.738a1.005 1.005 0 0 1-1.417 0L5.575 4.482l6.446 16.44 6.446-16.44z" fill="none" stroke="currentColor"></path></svg>,0 of 11,11.27 km,Arrow Up1006.4 mb,93%,23°, - Day 9Waxing Gibbous,32 c,23 c,None,None,128,None,None
2023-09-24 07:16:57.579466+05:00,pakistan,28.2769,68.4514,Jacobabad,Sunny,29 c,34 c, 5 km/h,<svg class="Icon--icon--2aW0V Icon--darkTheme--1PZ-8" data-testid="Icon" name="wind-direction" set="current-conditions" style="transform:rotate(90deg)" theme="dark" viewbox="0 0 24 24"><title>Wind Direction</title><path d="M18.467 4.482l-5.738 5.738a1.005 1.005 0 0 1-1.417 0L5.575 4.482l6.446 16.44 6.446-16.44z" fill="none" stroke="currentColor"></path></svg>,0 of 11,14.48 km,Arrow Up1004.4 mb,71%,24°, - Day 9Waxing Gibbous,40 c,26 c,None,None,99,None,None
2023-09-24 07:16:57.717854+05:00,pakistan,28.0064,69.3150,Ghotki,Sunny,29 c,34 c, 8 km/h,<svg class="Icon--icon--2aW0V Icon--darkTheme--1PZ-8" data-testid="Icon" name="wind-direction" set="current-conditions" style="transform:rotate(150deg)" theme="dark" viewbox="0 0 24 24"><title>Wind Direction</title><path d="M18.467 4.482l-5.738 5.738a1.005 1.005 0 0 1-1.417 0L5.575 4.482l6.446 16.44 6.446-16.44z" fill="none" stroke="currentColor"></path></svg>,0 of 11,14.48 km,Arrow Up1004.7 mb,73%,24°, - Day 9Waxing Gibbous,40 c,27 c,None,None,86,None,None
2023-09-24 07:16:58.231887+05:00,pakistan,33.7667,72.3598,Attock City,Fair,23 c,23 c, 8 km/h,<svg class="Icon--icon--2aW0V Icon--darkTheme--1PZ-8" data-testid="Icon" name="wind-direction" set="current-conditions" style="transform:rotate(40deg)" theme="dark" viewbox="0 0 24 24"><title>Wind Direction</title><path d="M18.467 4.482l-5.738 5.738a1.005 1.005 0 0 1-1.417 0L5.575 4.482l6.446 16.44 6.446-16.44z" fill="none" stroke="currentColor"></path></svg>,0 of 11,11.27 km,Arrow Up1007.5 mb,90%,21°, - Day 9Waxing Gibbous,31 c,20 c,None,None,153,None,None
2023-09-24 07:16:58.575422+05:00,pakistan,34.5717,73.8972,Athmuqam,Fair,3 c,2 c, 6 km/h,<svg class="Icon--icon--2aW0V Icon--darkTheme--1PZ-8" data-testid="Icon" name="wind-direction" set="current-conditions" style="transform:rotate(30deg)" theme="dark" viewbox="0 0 24 24"><title>Wind Direction</title><path d="M18.467 4.482l-5.738 5.738a1.005 1.005 0 0 1-1.417 0L5.575 4.482l6.446 16.44 6.446-16.44z" fill="none" stroke="currentColor"></path></svg>,1 of 11,Unlimited,Arrow Up1013.2 mb,62%,-3°, - Day 9Waxing Gibbous,8 c,0 c,None,None,61,None,None
2023-09-24 07:16:58.976615+05:00,pakistan,29.6100,73.1361,Harunabad,Partly Cloudy,28 c,32 c, 6 km/h,<svg class="Icon--icon--2aW0V Icon--darkTheme--1PZ-8" data-testid="Icon" name="wind-direction" set="current-conditions" style="transform:rotate(230deg)" theme="dark" viewbox="0 0 24 24"><title>Wind Direction</title><path d="M18.467 4.482l-5.738 5.738a1.005 1.005 0 0 1-1.417 0L5.575 4.482l6.446 16.44 6.446-16.44z" fill="none" stroke="currentColor"></path></svg>,1 of 11,14.48 km,Arrow Up1005.4 mb,80%,24°, - Day 9Waxing Gibbous,34 c,26 c,None,None,99,None,None
2023-09-24 07:16:59.095306+05:00,pakistan,27.5295,68.7592,Khairpur Mir’s,Haze,29 c,33 c, 0 km/h,<svg class="Icon--icon--2aW0V Icon--darkTheme--1PZ-8" data-testid="Icon" name="wind-direction" set="current-conditions" style="transform:rotate(160deg)" theme="dark" viewbox="0 0 24 24"><title>Wind Direction</title><path d="M18.467 4.482l-5.738 5.738a1.005 1.005 0 0 1-1.417 0L5.575 4.482l6.446 16.44 6.446-16.44z" fill="none" stroke="currentColor"></path></svg>,0 of 11,4.02 km,Arrow Up1005.1 mb,68%,23°, - Day 9Waxing Gibbous,40 c,26 c,None,None,90,None,None
2023-09-24 07:16:59.694543+05:00,pakistan,33.9942,72.9333,Haripur,Sunny,23 c,23 c, 6 km/h,<svg class="Icon--icon--2aW0V Icon--darkTheme--1PZ-8" data-testid="Icon" name="wind-direction" set="current-conditions" style="transform:rotate(80deg)" theme="dark" viewbox="0 0 24 24"><title>Wind Direction</title><path d="M18.467 4.482l-5.738 5.738a1.005 1.005 0 0 1-1.417 0L5.575 4.482l6.446 16.44 6.446-16.44z" fill="none" stroke="currentColor"></path></svg>,0 of 11,12.87 km,Arrow Up1007.8 mb,78%,19°, - Day 9Waxing Gibbous,30 c,20 c,None,None,95,None,None
2023-09-24 07:17:00.203721+05:00,pakistan,34.3700,73.4711,Muzaffarabad,Sunny,21 c,21 c, 6 km/h,<svg class="Icon--icon--2aW0V Icon--darkTheme--1PZ-8" data-testid="Icon" name="wind-direction" set="current-conditions" style="transform:rotate(70deg)" theme="dark" viewbox="0 0 24 24"><title>Wind Direction</title><path d="M18.467 4.482l-5.738 5.738a1.005 1.005 0 0 1-1.417 0L5.575 4.482l6.446 16.44 6.446-16.44z" fill="none" stroke="currentColor"></path></svg>,1 of 11,Unlimited,Arrow Up1009.8 mb,59%,13°, - Day 9Waxing Gibbous,28 c,16 c,None,None,63,None,None
2023-09-24 07:17:00.613650+05:00,pakistan,33.1167,71.0833,Karak,Partly Cloudy,23 c,23 c, 10 km/h,<svg class="Icon--icon--2aW0V Icon--darkTheme--1PZ-8" data-testid="Icon" name="wind-direction" set="current-conditions" style="transform:rotate(30deg)" theme="dark" viewbox="0 0 24 24"><title>Wind Direction</title><path d="M18.467 4.482l-5.738 5.738a1.005 1.005 0 0 1-1.417 0L5.575 4.482l6.446 16.44 6.446-16.44z" fill="none" stroke="currentColor"></path></svg>,0 of 11,14.48 km,Arrow Up1007.5 mb,81%,19°, - Day 9Waxing Gibbous,29 c,21 c,None,None,150,None,None
2023-09-24 07:17:01.096034+05:00,pakistan,31.7083,74.0000,Shekhupura,Fog,24 c,24 c, 8 km/h,<svg class="Icon--icon--2aW0V Icon--darkTheme--1PZ-8" data-testid="Icon" name="wind-direction" set="current-conditions" style="transform:rotate(80deg)" theme="dark" viewbox="0 0 24 24"><title>Wind Direction</title><path d="M18.467 4.482l-5.738 5.738a1.005 1.005 0 0 1-1.417 0L5.575 4.482l6.446 16.44 6.446-16.44z" fill="none" stroke="currentColor"></path></svg>,0 of 11,2.41 km,Arrow Up1006.4 mb,90%,22°, - Day 9Waxing Gibbous,30 c,22 c,None,None,131,None,None
2023-09-24 07:17:01.365171+05:00,pakistan,30.7008,68.3598,Qila Saifullah,Sunny,16 c,16 c, 6 km/h,<svg class="Icon--icon--2aW0V Icon--darkTheme--1PZ-8" data-testid="Icon" name="wind-direction" set="current-conditions" style="transform:rotate(280deg)" theme="dark" viewbox="0 0 24 24"><title>Wind Direction</title><path d="M18.467 4.482l-5.738 5.738a1.005 1.005 0 0 1-1.417 0L5.575 4.482l6.446 16.44 6.446-16.44z" fill="none" stroke="currentColor"></path></svg>,0 of 11,Unlimited,Arrow Up1010.2 mb,28%,-2°, - Day 9Waxing Gibbous,31 c,13 c,None,None,102,None,None
2023-09-24 07:17:01.861133+05:00,pakistan,35.2074,71.8768,Upper Dir,Sunny,17 c,17 c, 10 km/h,<svg class="Icon--icon--2aW0V Icon--darkTheme--1PZ-8" data-testid="Icon" name="wind-direction" set="current-conditions" style="transform:rotate(0deg)" theme="dark" viewbox="0 0 24 24"><title>Wind Direction</title><path d="M18.467 4.482l-5.738 5.738a1.005 1.005 0 0 1-1.417 0L5.575 4.482l6.446 16.44 6.446-16.44z" fill="none" stroke="currentColor"></path></svg>,0 of 11,Unlimited,Arrow Up1012.2 mb,64%,9°, - Day 9Waxing Gibbous,22 c,12 c,None,None,85,None,None
2023-09-24 07:17:01.991782+05:00,pakistan,33.5281,71.0572,Hangu,Partly Cloudy,22 c,22 c, 6 km/h,<svg class="Icon--icon--2aW0V Icon--darkTheme--1PZ-8" data-testid="Icon" name="wind-direction" set="current-conditions" style="transform:rotate(330deg)" theme="dark" viewbox="0 0 24 24"><title>Wind Direction</title><path d="M18.467 4.482l-5.738 5.738a1.005 1.005 0 0 1-1.417 0L5.575 4.482l6.446 16.44 6.446-16.44z" fill="none" stroke="currentColor"></path></svg>,0 of 11,14.48 km,Arrow Up1008.5 mb,78%,18°, - Day 9Waxing Gibbous,28 c,19 c,None,None,116,None,None
2023-09-24 07:17:02.244657+05:00,pakistan,27.6995,68.8673,Sukkur,Haze,29 c,34 c, 0 km/h,<svg class="Icon--icon--2aW0V Icon--darkTheme--1PZ-8" data-testid="Icon" name="wind-direction" set="current-conditions" style="transform:rotate(160deg)" theme="dark" viewbox="0 0 24 24"><title>Wind Direction</title><path d="M18.467 4.482l-5.738 5.738a1.005 1.005 0 0 1-1.417 0L5.575 4.482l6.446 16.44 6.446-16.44z" fill="none" stroke="currentColor"></path></svg>,0 of 11,4.02 km,Arrow Up1005.1 mb,71%,23°, - Day 9Waxing Gibbous,40 c,26 c,None,None,89,None,None
2023-09-24 07:17:02.536414+05:00,pakistan,31.2681,72.3181,Jhang City,Partly Cloudy,24 c,24 c, 11 km/h,<svg class="Icon--icon--2aW0V Icon--darkTheme--1PZ-8" data-testid="Icon" name="wind-direction" set="current-conditions" style="transform:rotate(80deg)" theme="dark" viewbox="0 0 24 24"><title>Wind Direction</title><path d="M18.467 4.482l-5.738 5.738a1.005 1.005 0 0 1-1.417 0L5.575 4.482l6.446 16.44 6.446-16.44z" fill="none" stroke="currentColor"></path></svg>,0 of 11,11.27 km,Arrow Up1005.8 mb,91%,23°, - Day 9Waxing Gibbous,32 c,24 c,None,None,153,None,None
2023-09-24 07:17:03.093047+05:00,pakistan,32.7667,74.2167,Jalalpur Jattan,Fog,24 c,24 c, 8 km/h,<svg class="Icon--icon--2aW0V Icon--darkTheme--1PZ-8" data-testid="Icon" name="wind-direction" set="current-conditions" style="transform:rotate(50deg)" theme="dark" viewbox="0 0 24 24"><title>Wind Direction</title><path d="M18.467 4.482l-5.738 5.738a1.005 1.005 0 0 1-1.417 0L5.575 4.482l6.446 16.44 6.446-16.44z" fill="none" stroke="currentColor"></path></svg>,0 of 11,2.41 km,Arrow Up1007.1 mb,87%,22°, - Day 9Waxing Gibbous,31 c,23 c,None,None,130,None,None
2023-09-24 07:17:03.421274+05:00,pakistan,33.9803,73.7747,Bagh,Sunny,21 c,21 c, 6 km/h,<svg class="Icon--icon--2aW0V Icon--darkTheme--1PZ-8" data-testid="Icon" name="wind-direction" set="current-conditions" style="transform:rotate(70deg)" theme="dark" viewbox="0 0 24 24"><title>Wind Direction</title><path d="M18.467 4.482l-5.738 5.738a1.005 1.005 0 0 1-1.417 0L5.575 4.482l6.446 16.44 6.446-16.44z" fill="none" stroke="currentColor"></path></svg>,0 of 11,14.48 km,Arrow Up1009.8 mb,65%,14°, - Day 9Waxing Gibbous,27 c,17 c,None,None,64,None,None
2023-09-24 07:17:03.630020+05:00,pakistan,34.8281,71.8408,Timargara,Sunny,21 c,21 c, 10 km/h,<svg class="Icon--icon--2aW0V Icon--darkTheme--1PZ-8" data-testid="Icon" name="wind-direction" set="current-conditions" style="transform:rotate(20deg)" theme="dark" viewbox="0 0 24 24"><title>Wind Direction</title><path d="M18.467 4.482l-5.738 5.738a1.005 1.005 0 0 1-1.417 0L5.575 4.482l6.446 16.44 6.446-16.44z" fill="none" stroke="currentColor"></path></svg>,0 of 11,Unlimited,Arrow Up1010.2 mb,67%,15°, - Day 9Waxing Gibbous,29 c,18 c,None,None,74,None,None
2023-09-24 07:17:04.272850+05:00,pakistan,35.9206,74.3783,Dainyor,Light Rain,17 c,17 c, 5 km/h,<svg class="Icon--icon--2aW0V Icon--darkTheme--1PZ-8" data-testid="Icon" name="wind-direction" set="current-conditions" style="transform:rotate(330deg)" theme="dark" viewbox="0 0 24 24"><title>Wind Direction</title><path d="M18.467 4.482l-5.738 5.738a1.005 1.005 0 0 1-1.417 0L5.575 4.482l6.446 16.44 6.446-16.44z" fill="none" stroke="currentColor"></path></svg>,0 of 11,14.48 km,Arrow Up1016.9 mb,72%,12°, - Day 9Waxing Gibbous,22 c,15 c,None,None,47,None,None
2023-09-24 07:17:04.479103+05:00,pakistan,36.1736,73.7667,Gakuch,Mostly Cloudy,15 c,15 c, 8 km/h,<svg class="Icon--icon--2aW0V Icon--darkTheme--1PZ-8" data-testid="Icon" name="wind-direction" set="current-conditions" style="transform:rotate(80deg)" theme="dark" viewbox="0 0 24 24"><title>Wind Direction</title><path d="M18.467 4.482l-5.738 5.738a1.005 1.005 0 0 1-1.417 0L5.575 4.482l6.446 16.44 6.446-16.44z" fill="none" stroke="currentColor"></path></svg>,0 of 11,14.48 km,Arrow Up1017.3 mb,73%,10°, - Day 9Waxing Gibbous,19 c,12 c,None,None,54,None,None
2023-09-24 07:17:04.744894+05:00,pakistan,27.7384,66.6434,Khuzdar,Sunny,17 c,17 c, 6 km/h,<svg class="Icon--icon--2aW0V Icon--darkTheme--1PZ-8" data-testid="Icon" name="wind-direction" set="current-conditions" style="transform:rotate(320deg)" theme="dark" viewbox="0 0 24 24"><title>Wind Direction</title><path d="M18.467 4.482l-5.738 5.738a1.005 1.005 0 0 1-1.417 0L5.575 4.482l6.446 16.44 6.446-16.44z" fill="none" stroke="currentColor"></path></svg>,0 of 11,Unlimited,Arrow Up1009.1 mb,23%,-4°, - Day 9Waxing Gibbous,34 c,15 c,None,None,136,None,None
2023-09-24 07:17:05.758980+05:00,pakistan,26.0464,68.9481,Sanghar,Sunny,28 c,32 c, 16 km/h,<svg class="Icon--icon--2aW0V Icon--darkTheme--1PZ-8" data-testid="Icon" name="wind-direction" set="current-conditions" style="transform:rotate(190deg)" theme="dark" viewbox="0 0 24 24"><title>Wind Direction</title><path d="M18.467 4.482l-5.738 5.738a1.005 1.005 0 0 1-1.417 0L5.575 4.482l6.446 16.44 6.446-16.44z" fill="none" stroke="currentColor"></path></svg>,0 of 11,Unlimited,Arrow Up1005.4 mb,72%,23°, - Day 9Waxing Gibbous,39 c,25 c,None,None,80,None,None
2023-09-24 07:17:05.882206+05:00,pakistan,31.7167,72.9833,Chiniot,Partly Cloudy,24 c,24 c, 11 km/h,<svg class="Icon--icon--2aW0V Icon--darkTheme--1PZ-8" data-testid="Icon" name="wind-direction" set="current-conditions" style="transform:rotate(70deg)" theme="dark" viewbox="0 0 24 24"><title>Wind Direction</title><path d="M18.467 4.482l-5.738 5.738a1.005 1.005 0 0 1-1.417 0L5.575 4.482l6.446 16.44 6.446-16.44z" fill="none" stroke="currentColor"></path></svg>,1 of 11,11.27 km,Arrow Up1006.1 mb,92%,23°, - Day 9Waxing Gibbous,31 c,23 c,None,None,153,None,None
2023-09-24 07:17:06.209130+05:00,pakistan,25.1239,68.5389,Tando Muhammad Khan,Sunny,28 c,32 c, 14 km/h,<svg class="Icon--icon--2aW0V Icon--darkTheme--1PZ-8" data-testid="Icon" name="wind-direction" set="current-conditions" style="transform:rotate(220deg)" theme="dark" viewbox="0 0 24 24"><title>Wind Direction</title><path d="M18.467 4.482l-5.738 5.738a1.005 1.005 0 0 1-1.417 0L5.575 4.482l6.446 16.44 6.446-16.44z" fill="none" stroke="currentColor"></path></svg>,0 of 11,Unlimited,Arrow Up1006.4 mb,76%,23°, - Day 9Waxing Gibbous,37 c,25 c,None,None,75,None,None
2023-09-24 07:17:06.236538+05:00,pakistan,32.5736,74.0789,Gujrat,Fog,24 c,24 c, 8 km/h,<svg class="Icon--icon--2aW0V Icon--darkTheme--1PZ-8" data-testid="Icon" name="wind-direction" set="current-conditions" style="transform:rotate(50deg)" theme="dark" viewbox="0 0 24 24"><title>Wind Direction</title><path d="M18.467 4.482l-5.738 5.738a1.005 1.005 0 0 1-1.417 0L5.575 4.482l6.446 16.44 6.446-16.44z" fill="none" stroke="currentColor"></path></svg>,0 of 11,2.41 km,Arrow Up1007.1 mb,87%,22°, - Day 9Waxing Gibbous,31 c,23 c,None,None,112,None,None
2023-09-24 07:17:07.241389+05:00,pakistan,33.6989,73.0369,Islamabad,Smoke,24 c,24 c, 0 km/h,<svg class="Icon--icon--2aW0V Icon--darkTheme--1PZ-8" data-testid="Icon" name="wind-direction" set="current-conditions" style="transform:rotate(70deg)" theme="dark" viewbox="0 0 24 24"><title>Wind Direction</title><path d="M18.467 4.482l-5.738 5.738a1.005 1.005 0 0 1-1.417 0L5.575 4.482l6.446 16.44 6.446-16.44z" fill="none" stroke="currentColor"></path></svg>,1 of 11,4.83 km,Arrow Up1009.1 mb,78%,20°, - Day 9Waxing Gibbous,31 c,20 c,None,None,88,None,None
2023-09-24 07:17:07.518045+05:00,pakistan,24.7461,67.9243,Thatta,Fair,28 c,32 c, 16 km/h,<svg class="Icon--icon--2aW0V Icon--darkTheme--1PZ-8" data-testid="Icon" name="wind-direction" set="current-conditions" style="transform:rotate(240deg)" theme="dark" viewbox="0 0 24 24"><title>Wind Direction</title><path d="M18.467 4.482l-5.738 5.738a1.005 1.005 0 0 1-1.417 0L5.575 4.482l6.446 16.44 6.446-16.44z" fill="none" stroke="currentColor"></path></svg>,0 of 11,14.48 km,Arrow Up1006.4 mb,77%,24°, - Day 9Waxing Gibbous,36 c,25 c,None,None,77,None,None
2023-09-24 07:17:07.695673+05:00,pakistan,31.6333,71.0667,Bhakkar,Partly Cloudy,26 c,26 c, 10 km/h,<svg class="Icon--icon--2aW0V Icon--darkTheme--1PZ-8" data-testid="Icon" name="wind-direction" set="current-conditions" style="transform:rotate(30deg)" theme="dark" viewbox="0 0 24 24"><title>Wind Direction</title><path d="M18.467 4.482l-5.738 5.738a1.005 1.005 0 0 1-1.417 0L5.575 4.482l6.446 16.44 6.446-16.44z" fill="none" stroke="currentColor"></path></svg>,0 of 11,12.87 km,Arrow Up1006.1 mb,88%,23°, - Day 9Waxing Gibbous,33 c,24 c,None,None,141,None,None
2023-09-24 07:17:07.737828+05:00,pakistan,33.1333,73.7500,New Mirpur,Partly Cloudy,24 c,24 c, 5 km/h,<svg class="Icon--icon--2aW0V Icon--darkTheme--1PZ-8" data-testid="Icon" name="wind-direction" set="current-conditions" style="transform:rotate(20deg)" theme="dark" viewbox="0 0 24 24"><title>Wind Direction</title><path d="M18.467 4.482l-5.738 5.738a1.005 1.005 0 0 1-1.417 0L5.575 4.482l6.446 16.44 6.446-16.44z" fill="none" stroke="currentColor"></path></svg>,1 of 11,14.48 km,Arrow Up1007.1 mb,78%,21°, - Day 9Waxing Gibbous,31 c,22 c,None,None,117,None,None
2023-09-24 07:17:08.783433+05:00,pakistan,27.8473,67.9068,Shahdad Kot,Sunny,29 c,33 c, 5 km/h,<svg class="Icon--icon--2aW0V Icon--darkTheme--1PZ-8" data-testid="Icon" name="wind-direction" set="current-conditions" style="transform:rotate(90deg)" theme="dark" viewbox="0 0 24 24"><title>Wind Direction</title><path d="M18.467 4.482l-5.738 5.738a1.005 1.005 0 0 1-1.417 0L5.575 4.482l6.446 16.44 6.446-16.44z" fill="none" stroke="currentColor"></path></svg>,0 of 11,14.48 km,Arrow Up1004.1 mb,63%,22°, - Day 9Waxing Gibbous,41 c,26 c,None,None,107,None,None
2023-09-24 07:17:08.923843+05:00,pakistan,28.3006,70.1302,Saddiqabad,Sunny,29 c,35 c, 6 km/h,<svg class="Icon--icon--2aW0V Icon--darkTheme--1PZ-8" data-testid="Icon" name="wind-direction" set="current-conditions" style="transform:rotate(180deg)" theme="dark" viewbox="0 0 24 24"><title>Wind Direction</title><path d="M18.467 4.482l-5.738 5.738a1.005 1.005 0 0 1-1.417 0L5.575 4.482l6.446 16.44 6.446-16.44z" fill="none" stroke="currentColor"></path></svg>,0 of 11,Unlimited,Arrow Up1005.1 mb,76%,24°, - Day 9Waxing Gibbous,38 c,27 c,None,None,92,None,None
2023-09-24 07:17:09.041720+05:00,pakistan,31.3417,69.4486,Zhob,Sunny,19 c,19 c, 3 km/h,<svg class="Icon--icon--2aW0V Icon--darkTheme--1PZ-8" data-testid="Icon" name="wind-direction" set="current-conditions" style="transform:rotate(270deg)" theme="dark" viewbox="0 0 24 24"><title>Wind Direction</title><path d="M18.467 4.482l-5.738 5.738a1.005 1.005 0 0 1-1.417 0L5.575 4.482l6.446 16.44 6.446-16.44z" fill="none" stroke="currentColor"></path></svg>,0 of 11,Unlimited,Arrow Up1009.5 mb,69%,13°, - Day 9Waxing Gibbous,31 c,16 c,None,None,89,None,None
2023-09-24 07:17:09.543650+05:00,pakistan,30.5522,72.1278,Abdul Hakim,Fair,27 c,31 c, 6 km/h,<svg class="Icon--icon--2aW0V Icon--darkTheme--1PZ-8" data-testid="Icon" name="wind-direction" set="current-conditions" style="transform:rotate(40deg)" theme="dark" viewbox="0 0 24 24"><title>Wind Direction</title><path d="M18.467 4.482l-5.738 5.738a1.005 1.005 0 0 1-1.417 0L5.575 4.482l6.446 16.44 6.446-16.44z" fill="none" stroke="currentColor"></path></svg>,0 of 11,12.87 km,Arrow Up1005.1 mb,87%,24°, - Day 9Waxing Gibbous,34 c,25 c,None,None,128,None,None
2023-09-24 07:17:09.930003+05:00,pakistan,29.3956,71.6722,Bahawalpur,Sunny,28 c,33 c, 5 km/h,<svg class="Icon--icon--2aW0V Icon--darkTheme--1PZ-8" data-testid="Icon" name="wind-direction" set="current-conditions" style="transform:rotate(230deg)" theme="dark" viewbox="0 0 24 24"><title>Wind Direction</title><path d="M18.467 4.482l-5.738 5.738a1.005 1.005 0 0 1-1.417 0L5.575 4.482l6.446 16.44 6.446-16.44z" fill="none" stroke="currentColor"></path></svg>,0 of 11,14.48 km,Arrow Up1005.1 mb,81%,25°, - Day 9Waxing Gibbous,35 c,27 c,None,None,148,None,None
2023-09-24 07:17:10.251899+05:00,pakistan,29.0266,66.5936,Kalat,Sunny,13 c,13 c, 5 km/h,<svg class="Icon--icon--2aW0V Icon--darkTheme--1PZ-8" data-testid="Icon" name="wind-direction" set="current-conditions" style="transform:rotate(90deg)" theme="dark" viewbox="0 0 24 24"><title>Wind Direction</title><path d="M18.467 4.482l-5.738 5.738a1.005 1.005 0 0 1-1.417 0L5.575 4.482l6.446 16.44 6.446-16.44z" fill="none" stroke="currentColor"></path></svg>,0 of 11,Unlimited,Arrow Up1011.9 mb,25%,-7°, - Day 9Waxing Gibbous,26 c,10 c,None,None,76,None,None
2023-09-24 07:17:10.684344+05:00,pakistan,34.6796,73.0263,Batgram,Sunny,21 c,21 c, 6 km/h,<svg class="Icon--icon--2aW0V Icon--darkTheme--1PZ-8" data-testid="Icon" name="wind-direction" set="current-conditions" style="transform:rotate(40deg)" theme="dark" viewbox="0 0 24 24"><title>Wind Direction</title><path d="M18.467 4.482l-5.738 5.738a1.005 1.005 0 0 1-1.417 0L5.575 4.482l6.446 16.44 6.446-16.44z" fill="none" stroke="currentColor"></path></svg>,1 of 11,Unlimited,Arrow Up1010.5 mb,59%,12°, - Day 9Waxing Gibbous,27 c,16 c,None,None,69,None,None
2023-09-24 07:17:10.804847+05:00,pakistan,35.8511,71.7889,Chitral,Sunny,17 c,17 c, 8 km/h,<svg class="Icon--icon--2aW0V Icon--darkTheme--1PZ-8" data-testid="Icon" name="wind-direction" set="current-conditions" style="transform:rotate(0deg)" theme="dark" viewbox="0 0 24 24"><title>Wind Direction</title><path d="M18.467 4.482l-5.738 5.738a1.005 1.005 0 0 1-1.417 0L5.575 4.482l6.446 16.44 6.446-16.44z" fill="none" stroke="currentColor"></path></svg>,0 of 11,Unlimited,Arrow Up1014.9 mb,57%,8°, - Day 9Waxing Gibbous,24 c,13 c,None,None,77,None,None
2023-09-24 07:17:11.232474+05:00,pakistan,30.7258,72.6447,Kamalia,Partly Cloudy,25 c,25 c, 10 km/h,<svg class="Icon--icon--2aW0V Icon--darkTheme--1PZ-8" data-testid="Icon" name="wind-direction" set="current-conditions" style="transform:rotate(90deg)" theme="dark" viewbox="0 0 24 24"><title>Wind Direction</title><path d="M18.467 4.482l-5.738 5.738a1.005 1.005 0 0 1-1.417 0L5.575 4.482l6.446 16.44 6.446-16.44z" fill="none" stroke="currentColor"></path></svg>,0 of 11,11.27 km,Arrow Up1005.4 mb,93%,24°, - Day 9Waxing Gibbous,33 c,24 c,None,None,143,None,None
2023-09-24 07:17:11.765203+05:00,pakistan,30.1978,71.4711,Multan,Fog,28 c,33 c, 0 km/h,<svg class="Icon--icon--2aW0V Icon--darkTheme--1PZ-8" data-testid="Icon" name="wind-direction" set="current-conditions" style="transform:rotate(330deg)" theme="dark" viewbox="0 0 24 24"><title>Wind Direction</title><path d="M18.467 4.482l-5.738 5.738a1.005 1.005 0 0 1-1.417 0L5.575 4.482l6.446 16.44 6.446-16.44z" fill="none" stroke="currentColor"></path></svg>,0 of 11,2.41 km,Arrow Up1005.1 mb,86%,26°, - Day 9Waxing Gibbous,35 c,25 c,None,None,120,None,None
2023-09-24 07:17:12.061627+05:00,pakistan,26.0012,63.0485,Turbat,Sunny,24 c,24 c, 13 km/h,<svg class="Icon--icon--2aW0V Icon--darkTheme--1PZ-8" data-testid="Icon" name="wind-direction" set="current-conditions" style="transform:rotate(30deg)" theme="dark" viewbox="0 0 24 24"><title>Wind Direction</title><path d="M18.467 4.482l-5.738 5.738a1.005 1.005 0 0 1-1.417 0L5.575 4.482l6.446 16.44 6.446-16.44z" fill="none" stroke="currentColor"></path></svg>,0 of 11,Unlimited,Arrow Up1008.5 mb,17%,-3°, - Day 9Waxing Gibbous,40 c,22 c,None,None,153,None,None
2023-09-24 07:17:12.570727+05:00,pakistan,26.4568,65.2314,Awaran,Sunny,23 c,23 c, 13 km/h,<svg class="Icon--icon--2aW0V Icon--darkTheme--1PZ-8" data-testid="Icon" name="wind-direction" set="current-conditions" style="transform:rotate(330deg)" theme="dark" viewbox="0 0 24 24"><title>Wind Direction</title><path d="M18.467 4.482l-5.738 5.738a1.005 1.005 0 0 1-1.417 0L5.575 4.482l6.446 16.44 6.446-16.44z" fill="none" stroke="currentColor"></path></svg>,0 of 11,Unlimited,Arrow Up1008.1 mb,18%,-3°, - Day 9Waxing Gibbous,39 c,20 c,None,None,335,None,None
2023-09-24 07:17:12.711378+05:00,pakistan,34.1500,73.2167,Abbottabad,Sunny,20 c,20 c, 6 km/h,<svg class="Icon--icon--2aW0V Icon--darkTheme--1PZ-8" data-testid="Icon" name="wind-direction" set="current-conditions" style="transform:rotate(80deg)" theme="dark" viewbox="0 0 24 24"><title>Wind Direction</title><path d="M18.467 4.482l-5.738 5.738a1.005 1.005 0 0 1-1.417 0L5.575 4.482l6.446 16.44 6.446-16.44z" fill="none" stroke="currentColor"></path></svg>,1 of 11,14.48 km,Arrow Up1008.8 mb,72%,15°, - Day 9Waxing Gibbous,26 c,15 c,None,None,70,None,None
2023-09-24 07:17:13.027822+05:00,pakistan,35.4206,74.0967,Chilas,Showers in the Vicinity,18 c,18 c, 5 km/h,<svg class="Icon--icon--2aW0V Icon--darkTheme--1PZ-8" data-testid="Icon" name="wind-direction" set="current-conditions" style="transform:rotate(270deg)" theme="dark" viewbox="0 0 24 24"><title>Wind Direction</title><path d="M18.467 4.482l-5.738 5.738a1.005 1.005 0 0 1-1.417 0L5.575 4.482l6.446 16.44 6.446-16.44z" fill="none" stroke="currentColor"></path></svg>,0 of 11,14.48 km,Arrow Up1014.9 mb,63%,12°, - Day 9Waxing Gibbous,25 c,16 c,None,None,58,None,None
2023-09-24 07:17:13.719465+05:00,pakistan,32.9333,73.7333,Jhelum,Partly Cloudy,24 c,24 c, 6 km/h,<svg class="Icon--icon--2aW0V Icon--darkTheme--1PZ-8" data-testid="Icon" name="wind-direction" set="current-conditions" style="transform:rotate(0deg)" theme="dark" viewbox="0 0 24 24"><title>Wind Direction</title><path d="M18.467 4.482l-5.738 5.738a1.005 1.005 0 0 1-1.417 0L5.575 4.482l6.446 16.44 6.446-16.44z" fill="none" stroke="currentColor"></path></svg>,1 of 11,12.87 km,Arrow Up1007.1 mb,84%,22°, - Day 9Waxing Gibbous,32 c,22 c,None,None,92,None,None
2023-09-24 07:17:13.960871+05:00,pakistan,35.3471,74.8563,Eidgah,Partly Cloudy,3 c,2 c, 5 km/h,<svg class="Icon--icon--2aW0V Icon--darkTheme--1PZ-8" data-testid="Icon" name="wind-direction" set="current-conditions" style="transform:rotate(220deg)" theme="dark" viewbox="0 0 24 24"><title>Wind Direction</title><path d="M18.467 4.482l-5.738 5.738a1.005 1.005 0 0 1-1.417 0L5.575 4.482l6.446 16.44 6.446-16.44z" fill="none" stroke="currentColor"></path></svg>,1 of 11,12.87 km,Arrow Up1016.3 mb,75%,-1°, - Day 9Waxing Gibbous,7 c,1 c,None,None,46,None,None
2023-09-24 07:17:14.076267+05:00,pakistan,25.3969,68.3772,Hyderabad City,Sunny,28 c,32 c, 18 km/h,<svg class="Icon--icon--2aW0V Icon--darkTheme--1PZ-8" data-testid="Icon" name="wind-direction" set="current-conditions" style="transform:rotate(220deg)" theme="dark" viewbox="0 0 24 24"><title>Wind Direction</title><path d="M18.467 4.482l-5.738 5.738a1.005 1.005 0 0 1-1.417 0L5.575 4.482l6.446 16.44 6.446-16.44z" fill="none" stroke="currentColor"></path></svg>,0 of 11,Unlimited,Arrow Up1005.8 mb,73%,23°, - Day 9Waxing Gibbous,38 c,25 c,None,None,98,None,None
2023-09-24 07:17:14.527240+05:00,pakistan,25.3614,69.7361,Umarkot,Fair,28 c,33 c, 13 km/h,<svg class="Icon--icon--2aW0V Icon--darkTheme--1PZ-8" data-testid="Icon" name="wind-direction" set="current-conditions" style="transform:rotate(210deg)" theme="dark" viewbox="0 0 24 24"><title>Wind Direction</title><path d="M18.467 4.482l-5.738 5.738a1.005 1.005 0 0 1-1.417 0L5.575 4.482l6.446 16.44 6.446-16.44z" fill="none" stroke="currentColor"></path></svg>,0 of 11,14.48 km,Arrow Up1006.8 mb,84%,25°, - Day 9Waxing Gibbous,36 c,26 c,None,None,64,None,None
2023-09-24 07:17:15.304761+05:00,pakistan,28.8885,64.4062,Dalbandin,Sunny,17 c,17 c, 5 km/h,<svg class="Icon--icon--2aW0V Icon--darkTheme--1PZ-8" data-testid="Icon" name="wind-direction" set="current-conditions" style="transform:rotate(40deg)" theme="dark" viewbox="0 0 24 24"><title>Wind Direction</title><path d="M18.467 4.482l-5.738 5.738a1.005 1.005 0 0 1-1.417 0L5.575 4.482l6.446 16.44 6.446-16.44z" fill="none" stroke="currentColor"></path></svg>,0 of 11,Unlimited,Arrow Up1011.5 mb,28%,-2°, - Day 9Waxing Gibbous,33 c,15 c,None,None,168,None,None
2023-09-24 07:17:15.639910+05:00,pakistan,30.0419,72.3528,Vihari,Fair,27 c,31 c, 6 km/h,<svg class="Icon--icon--2aW0V Icon--darkTheme--1PZ-8" data-testid="Icon" name="wind-direction" set="current-conditions" style="transform:rotate(140deg)" theme="dark" viewbox="0 0 24 24"><title>Wind Direction</title><path d="M18.467 4.482l-5.738 5.738a1.005 1.005 0 0 1-1.417 0L5.575 4.482l6.446 16.44 6.446-16.44z" fill="none" stroke="currentColor"></path></svg>,1 of 11,12.87 km,Arrow Up1005.1 mb,86%,24°, - Day 9Waxing Gibbous,33 c,25 c,None,None,120,None,None
2023-09-24 07:17:15.927337+05:00,pakistan,32.1020,74.8730,Narowal,Fog,24 c,24 c, 5 km/h,<svg class="Icon--icon--2aW0V Icon--darkTheme--1PZ-8" data-testid="Icon" name="wind-direction" set="current-conditions" style="transform:rotate(20deg)" theme="dark" viewbox="0 0 24 24"><title>Wind Direction</title><path d="M18.467 4.482l-5.738 5.738a1.005 1.005 0 0 1-1.417 0L5.575 4.482l6.446 16.44 6.446-16.44z" fill="none" stroke="currentColor"></path></svg>,0 of 11,2.41 km,Arrow Up1007.1 mb,95%,23°, - Day 9Waxing Gibbous,31 c,23 c,None,None,131,None,None
2023-09-24 07:17:16.297768+05:00,pakistan,34.1958,72.0447,Mardan,Sunny,23 c,23 c, 6 km/h,<svg class="Icon--icon--2aW0V Icon--darkTheme--1PZ-8" data-testid="Icon" name="wind-direction" set="current-conditions" style="transform:rotate(320deg)" theme="dark" viewbox="0 0 24 24"><title>Wind Direction</title><path d="M18.467 4.482l-5.738 5.738a1.005 1.005 0 0 1-1.417 0L5.575 4.482l6.446 16.44 6.446-16.44z" fill="none" stroke="currentColor"></path></svg>,0 of 11,12.87 km,Arrow Up1007.8 mb,86%,21°, - Day 9Waxing Gibbous,32 c,20 c,None,None,119,None,None
2023-09-24 07:17:16.590898+05:00,pakistan,29.9983,73.2527,Bahawalnagar,Partly Cloudy,27 c,31 c, 5 km/h,<svg class="Icon--icon--2aW0V Icon--darkTheme--1PZ-8" data-testid="Icon" name="wind-direction" set="current-conditions" style="transform:rotate(70deg)" theme="dark" viewbox="0 0 24 24"><title>Wind Direction</title><path d="M18.467 4.482l-5.738 5.738a1.005 1.005 0 0 1-1.417 0L5.575 4.482l6.446 16.44 6.446-16.44z" fill="none" stroke="currentColor"></path></svg>,1 of 11,14.48 km,Arrow Up1005.4 mb,85%,24°, - Day 9Waxing Gibbous,33 c,25 c,None,None,120,None,None
2023-09-24 07:17:16.963400+05:00,pakistan,31.1500,72.6833,Gojra,Partly Cloudy,24 c,24 c, 11 km/h,<svg class="Icon--icon--2aW0V Icon--darkTheme--1PZ-8" data-testid="Icon" name="wind-direction" set="current-conditions" style="transform:rotate(80deg)" theme="dark" viewbox="0 0 24 24"><title>Wind Direction</title><path d="M18.467 4.482l-5.738 5.738a1.005 1.005 0 0 1-1.417 0L5.575 4.482l6.446 16.44 6.446-16.44z" fill="none" stroke="currentColor"></path></svg>,0 of 11,11.27 km,Arrow Up1005.8 mb,93%,23°, - Day 9Waxing Gibbous,32 c,23 c,None,None,153,None,None
2023-09-24 07:17:17.376944+05:00,pakistan,25.4283,68.2822,Jamshoro,Sunny,28 c,32 c, 18 km/h,<svg class="Icon--icon--2aW0V Icon--darkTheme--1PZ-8" data-testid="Icon" name="wind-direction" set="current-conditions" style="transform:rotate(220deg)" theme="dark" viewbox="0 0 24 24"><title>Wind Direction</title><path d="M18.467 4.482l-5.738 5.738a1.005 1.005 0 0 1-1.417 0L5.575 4.482l6.446 16.44 6.446-16.44z" fill="none" stroke="currentColor"></path></svg>,0 of 11,Unlimited,Arrow Up1005.8 mb,72%,23°, - Day 9Waxing Gibbous,38 c,25 c,None,None,98,None,None
2023-09-24 07:17:17.683752+05:00,pakistan,32.5853,71.5436,Mianwali,Partly Cloudy,25 c,25 c, 8 km/h,<svg class="Icon--icon--2aW0V Icon--darkTheme--1PZ-8" data-testid="Icon" name="wind-direction" set="current-conditions" style="transform:rotate(10deg)" theme="dark" viewbox="0 0 24 24"><title>Wind Direction</title><path d="M18.467 4.482l-5.738 5.738a1.005 1.005 0 0 1-1.417 0L5.575 4.482l6.446 16.44 6.446-16.44z" fill="none" stroke="currentColor"></path></svg>,0 of 11,12.87 km,Arrow Up1006.4 mb,88%,23°, - Day 9Waxing Gibbous,32 c,24 c,None,None,140,None,None
2023-09-24 07:17:17.835240+05:00,pakistan,35.2917,73.2906,Dasu,Partly Cloudy,21 c,21 c, 6 km/h,<svg class="Icon--icon--2aW0V Icon--darkTheme--1PZ-8" data-testid="Icon" name="wind-direction" set="current-conditions" style="transform:rotate(20deg)" theme="dark" viewbox="0 0 24 24"><title>Wind Direction</title><path d="M18.467 4.482l-5.738 5.738a1.005 1.005 0 0 1-1.417 0L5.575 4.482l6.446 16.44 6.446-16.44z" fill="none" stroke="currentColor"></path></svg>,1 of 11,Unlimited,Arrow Up1013.9 mb,70%,15°, - Day 9Waxing Gibbous,29 c,17 c,None,None,63,None,None
2023-09-24 07:17:18.645433+05:00,pakistan,30.4397,72.3544,Mian Channun,Partly Cloudy,26 c,31 c, 8 km/h,<svg class="Icon--icon--2aW0V Icon--darkTheme--1PZ-8" data-testid="Icon" name="wind-direction" set="current-conditions" style="transform:rotate(100deg)" theme="dark" viewbox="0 0 24 24"><title>Wind Direction</title><path d="M18.467 4.482l-5.738 5.738a1.005 1.005 0 0 1-1.417 0L5.575 4.482l6.446 16.44 6.446-16.44z" fill="none" stroke="currentColor"></path></svg>,0 of 11,11.27 km,Arrow Up1005.1 mb,90%,24°, - Day 9Waxing Gibbous,33 c,25 c,None,None,126,None,None
2023-09-24 07:17:18.859028+05:00,pakistan,28.5466,68.2231,Dera Murad Jamali,Sunny,29 c,34 c, 6 km/h,<svg class="Icon--icon--2aW0V Icon--darkTheme--1PZ-8" data-testid="Icon" name="wind-direction" set="current-conditions" style="transform:rotate(70deg)" theme="dark" viewbox="0 0 24 24"><title>Wind Direction</title><path d="M18.467 4.482l-5.738 5.738a1.005 1.005 0 0 1-1.417 0L5.575 4.482l6.446 16.44 6.446-16.44z" fill="none" stroke="currentColor"></path></svg>,0 of 11,Unlimited,Arrow Up1004.4 mb,70%,23°, - Day 9Waxing Gibbous,40 c,27 c,None,None,95,None,None
2023-09-24 07:17:19.016615+05:00,pakistan,30.8100,73.4597,Okara,Partly Cloudy,25 c,25 c, 10 km/h,<svg class="Icon--icon--2aW0V Icon--darkTheme--1PZ-8" data-testid="Icon" name="wind-direction" set="current-conditions" style="transform:rotate(90deg)" theme="dark" viewbox="0 0 24 24"><title>Wind Direction</title><path d="M18.467 4.482l-5.738 5.738a1.005 1.005 0 0 1-1.417 0L5.575 4.482l6.446 16.44 6.446-16.44z" fill="none" stroke="currentColor"></path></svg>,1 of 11,11.27 km,Arrow Up1005.8 mb,90%,23°, - Day 9Waxing Gibbous,32 c,24 c,None,None,130,None,None
2023-09-24 07:17:19.889264+05:00,pakistan,28.4000,69.3000,Kandhkot,Sunny,29 c,34 c, 5 km/h,<svg class="Icon--icon--2aW0V Icon--darkTheme--1PZ-8" data-testid="Icon" name="wind-direction" set="current-conditions" style="transform:rotate(120deg)" theme="dark" viewbox="0 0 24 24"><title>Wind Direction</title><path d="M18.467 4.482l-5.738 5.738a1.005 1.005 0 0 1-1.417 0L5.575 4.482l6.446 16.44 6.446-16.44z" fill="none" stroke="currentColor"></path></svg>,0 of 11,Unlimited,Arrow Up1004.7 mb,75%,24°, - Day 9Waxing Gibbous,39 c,27 c,None,None,89,None,None
2023-09-24 07:17:20.140230+05:00,pakistan,27.5600,68.2264,Larkana,Sunny,29 c,33 c, 6 km/h,<svg class="Icon--icon--2aW0V Icon--darkTheme--1PZ-8" data-testid="Icon" name="wind-direction" set="current-conditions" style="transform:rotate(140deg)" theme="dark" viewbox="0 0 24 24"><title>Wind Direction</title><path d="M18.467 4.482l-5.738 5.738a1.005 1.005 0 0 1-1.417 0L5.575 4.482l6.446 16.44 6.446-16.44z" fill="none" stroke="currentColor"></path></svg>,0 of 11,14.48 km,Arrow Up1004.1 mb,64%,22°, - Day 9Waxing Gibbous,41 c,26 c,None,None,115,None,None
2023-09-24 07:17:20.485783+05:00,pakistan,32.2167,70.3833,Tank,Partly Cloudy,26 c,26 c, 6 km/h,<svg class="Icon--icon--2aW0V Icon--darkTheme--1PZ-8" data-testid="Icon" name="wind-direction" set="current-conditions" style="transform:rotate(10deg)" theme="dark" viewbox="0 0 24 24"><title>Wind Direction</title><path d="M18.467 4.482l-5.738 5.738a1.005 1.005 0 0 1-1.417 0L5.575 4.482l6.446 16.44 6.446-16.44z" fill="none" stroke="currentColor"></path></svg>,0 of 11,14.48 km,Arrow Up1006.8 mb,85%,23°, - Day 9Waxing Gibbous,33 c,24 c,None,None,129,None,None
2023-09-24 07:17:20.689880+05:00,pakistan,31.1167,74.4500,Kasur,Fog,24 c,24 c, 6 km/h,<svg class="Icon--icon--2aW0V Icon--darkTheme--1PZ-8" data-testid="Icon" name="wind-direction" set="current-conditions" style="transform:rotate(100deg)" theme="dark" viewbox="0 0 24 24"><title>Wind Direction</title><path d="M18.467 4.482l-5.738 5.738a1.005 1.005 0 0 1-1.417 0L5.575 4.482l6.446 16.44 6.446-16.44z" fill="none" stroke="currentColor"></path></svg>,0 of 11,2.41 km,Arrow Up1006.1 mb,91%,23°, - Day 9Waxing Gibbous,31 c,23 c,None,None,129,None,None
2023-09-24 07:17:21.481552+05:00,pakistan,33.5869,71.4414,Kohat,Rain Shower,24 c,24 c, 8 km/h,<svg class="Icon--icon--2aW0V Icon--darkTheme--1PZ-8" data-testid="Icon" name="wind-direction" set="current-conditions" style="transform:rotate(330deg)" theme="dark" viewbox="0 0 24 24"><title>Wind Direction</title><path d="M18.467 4.482l-5.738 5.738a1.005 1.005 0 0 1-1.417 0L5.575 4.482l6.446 16.44 6.446-16.44z" fill="none" stroke="currentColor"></path></svg>,0 of 11,11.27 km,Arrow Up1007.8 mb,83%,21°, - Day 9Waxing Gibbous,30 c,22 c,None,None,113,None,None
2023-09-24 07:17:22.092780+05:00,pakistan,30.7333,73.8167,Hujra Shah Muqim,Partly Cloudy,26 c,26 c, 10 km/h,<svg class="Icon--icon--2aW0V Icon--darkTheme--1PZ-8" data-testid="Icon" name="wind-direction" set="current-conditions" style="transform:rotate(100deg)" theme="dark" viewbox="0 0 24 24"><title>Wind Direction</title><path d="M18.467 4.482l-5.738 5.738a1.005 1.005 0 0 1-1.417 0L5.575 4.482l6.446 16.44 6.446-16.44z" fill="none" stroke="currentColor"></path></svg>,1 of 11,12.87 km,Arrow Up1005.8 mb,89%,23°, - Day 9Waxing Gibbous,32 c,24 c,None,None,129,None,None
2023-09-24 07:17:22.117758+05:00,pakistan,34.3333,73.2000,Mansehra,Sunny,20 c,20 c, 6 km/h,<svg class="Icon--icon--2aW0V Icon--darkTheme--1PZ-8" data-testid="Icon" name="wind-direction" set="current-conditions" style="transform:rotate(70deg)" theme="dark" viewbox="0 0 24 24"><title>Wind Direction</title><path d="M18.467 4.482l-5.738 5.738a1.005 1.005 0 0 1-1.417 0L5.575 4.482l6.446 16.44 6.446-16.44z" fill="none" stroke="currentColor"></path></svg>,1 of 11,14.48 km,Arrow Up1009.1 mb,69%,14°, - Day 9Waxing Gibbous,27 c,16 c,None,None,68,None,None
2023-09-24 07:17:22.721180+05:00,pakistan,30.1920,67.0070,Quetta,Sunny,14 c,14 c, 3 km/h,<svg class="Icon--icon--2aW0V Icon--darkTheme--1PZ-8" data-testid="Icon" name="wind-direction" set="current-conditions" style="transform:rotate(70deg)" theme="dark" viewbox="0 0 24 24"><title>Wind Direction</title><path d="M18.467 4.482l-5.738 5.738a1.005 1.005 0 0 1-1.417 0L5.575 4.482l6.446 16.44 6.446-16.44z" fill="none" stroke="currentColor"></path></svg>,0 of 11,Unlimited,Arrow Up1011.9 mb,28%,-4°, - Day 9Waxing Gibbous,27 c,11 c,None,None,74,None,None
2023-09-24 07:17:23.261280+05:00,pakistan,29.5430,67.8773,Sibi,Sunny,27 c,27 c, 6 km/h,<svg class="Icon--icon--2aW0V Icon--darkTheme--1PZ-8" data-testid="Icon" name="wind-direction" set="current-conditions" style="transform:rotate(350deg)" theme="dark" viewbox="0 0 24 24"><title>Wind Direction</title><path d="M18.467 4.482l-5.738 5.738a1.005 1.005 0 0 1-1.417 0L5.575 4.482l6.446 16.44 6.446-16.44z" fill="none" stroke="currentColor"></path></svg>,0 of 11,Unlimited,Arrow Up1005.4 mb,34%,10°, - Day 9Waxing Gibbous,40 c,24 c,None,None,79,None,None
2023-09-24 07:17:23.430845+05:00,pakistan,32.0709,73.6880,Hafizabad,Fog,24 c,24 c, 8 km/h,<svg class="Icon--icon--2aW0V Icon--darkTheme--1PZ-8" data-testid="Icon" name="wind-direction" set="current-conditions" style="transform:rotate(60deg)" theme="dark" viewbox="0 0 24 24"><title>Wind Direction</title><path d="M18.467 4.482l-5.738 5.738a1.005 1.005 0 0 1-1.417 0L5.575 4.482l6.446 16.44 6.446-16.44z" fill="none" stroke="currentColor"></path></svg>,0 of 11,2.41 km,Arrow Up1006.4 mb,91%,22°, - Day 9Waxing Gibbous,31 c,22 c,None,None,147,None,None
2023-09-24 07:17:23.626227+05:00,pakistan,27.8000,66.6167,Khuzdar,Sunny,17 c,17 c, 6 km/h,<svg class="Icon--icon--2aW0V Icon--darkTheme--1PZ-8" data-testid="Icon" name="wind-direction" set="current-conditions" style="transform:rotate(320deg)" theme="dark" viewbox="0 0 24 24"><title>Wind Direction</title><path d="M18.467 4.482l-5.738 5.738a1.005 1.005 0 0 1-1.417 0L5.575 4.482l6.446 16.44 6.446-16.44z" fill="none" stroke="currentColor"></path></svg>,0 of 11,Unlimited,Arrow Up1009.1 mb,23%,-4°, - Day 9Waxing Gibbous,34 c,15 c,None,None,136,None,None
2023-09-24 07:17:24.186303+05:00,pakistan,30.0703,71.1933,Muzaffargarh,Fog,28 c,33 c, 0 km/h,<svg class="Icon--icon--2aW0V Icon--darkTheme--1PZ-8" data-testid="Icon" name="wind-direction" set="current-conditions" style="transform:rotate(340deg)" theme="dark" viewbox="0 0 24 24"><title>Wind Direction</title><path d="M18.467 4.482l-5.738 5.738a1.005 1.005 0 0 1-1.417 0L5.575 4.482l6.446 16.44 6.446-16.44z" fill="none" stroke="currentColor"></path></svg>,0 of 11,2.41 km,Arrow Up1005.1 mb,84%,25°, - Day 9Waxing Gibbous,35 c,26 c,None,None,125,None,None
2023-09-24 07:17:24.558359+05:00,pakistan,28.4202,70.2952,Rahimyar Khan,Sunny,29 c,34 c, 6 km/h,<svg class="Icon--icon--2aW0V Icon--darkTheme--1PZ-8" data-testid="Icon" name="wind-direction" set="current-conditions" style="transform:rotate(190deg)" theme="dark" viewbox="0 0 24 24"><title>Wind Direction</title><path d="M18.467 4.482l-5.738 5.738a1.005 1.005 0 0 1-1.417 0L5.575 4.482l6.446 16.44 6.446-16.44z" fill="none" stroke="currentColor"></path></svg>,0 of 11,Unlimited,Arrow Up1004.7 mb,78%,25°, - Day 9Waxing Gibbous,38 c,27 c,None,None,97,None,None
2023-09-24 07:17:24.811747+05:00,pakistan,25.1264,62.3225,Gwadar,Sunny,25 c,25 c, 5 km/h,<svg class="Icon--icon--2aW0V Icon--darkTheme--1PZ-8" data-testid="Icon" name="wind-direction" set="current-conditions" style="transform:rotate(340deg)" theme="dark" viewbox="0 0 24 24"><title>Wind Direction</title><path d="M18.467 4.482l-5.738 5.738a1.005 1.005 0 0 1-1.417 0L5.575 4.482l6.446 16.44 6.446-16.44z" fill="none" stroke="currentColor"></path></svg>,0 of 11,12.87 km,Arrow Up1007.8 mb,81%,22°, - Day 9Waxing Gibbous,31 c,24 c,None,None,102,None,None
2023-09-24 07:17:25.213232+05:00,pakistan,25.5971,68.4467,Matiari,Sunny,28 c,32 c, 18 km/h,<svg class="Icon--icon--2aW0V Icon--darkTheme--1PZ-8" data-testid="Icon" name="wind-direction" set="current-conditions" style="transform:rotate(210deg)" theme="dark" viewbox="0 0 24 24"><title>Wind Direction</title><path d="M18.467 4.482l-5.738 5.738a1.005 1.005 0 0 1-1.417 0L5.575 4.482l6.446 16.44 6.446-16.44z" fill="none" stroke="currentColor"></path></svg>,0 of 11,Unlimited,Arrow Up1005.4 mb,69%,22°, - Day 9Waxing Gibbous,39 c,25 c,None,None,102,None,None
2023-09-24 07:17:25.626564+05:00,pakistan,29.5339,71.6324,Lodhran,Sunny,28 c,33 c, 5 km/h,<svg class="Icon--icon--2aW0V Icon--darkTheme--1PZ-8" data-testid="Icon" name="wind-direction" set="current-conditions" style="transform:rotate(250deg)" theme="dark" viewbox="0 0 24 24"><title>Wind Direction</title><path d="M18.467 4.482l-5.738 5.738a1.005 1.005 0 0 1-1.417 0L5.575 4.482l6.446 16.44 6.446-16.44z" fill="none" stroke="currentColor"></path></svg>,0 of 11,14.48 km,Arrow Up1005.1 mb,81%,25°, - Day 9Waxing Gibbous,35 c,26 c,None,None,146,None,None
2023-09-24 07:17:25.925780+05:00,pakistan,30.0500,70.6333,Dera Ghazi Khan,Sunny,28 c,32 c, 10 km/h,<svg class="Icon--icon--2aW0V Icon--darkTheme--1PZ-8" data-testid="Icon" name="wind-direction" set="current-conditions" style="transform:rotate(10deg)" theme="dark" viewbox="0 0 24 24"><title>Wind Direction</title><path d="M18.467 4.482l-5.738 5.738a1.005 1.005 0 0 1-1.417 0L5.575 4.482l6.446 16.44 6.446-16.44z" fill="none" stroke="currentColor"></path></svg>,0 of 11,14.48 km,Arrow Up1005.4 mb,78%,24°, - Day 9Waxing Gibbous,35 c,26 c,None,None,100,None,None
2023-09-24 07:17:26.059990+05:00,pakistan,30.5833,67.0000,Pishin,Sunny,13 c,13 c, 5 km/h,<svg class="Icon--icon--2aW0V Icon--darkTheme--1PZ-8" data-testid="Icon" name="wind-direction" set="current-conditions" style="transform:rotate(80deg)" theme="dark" viewbox="0 0 24 24"><title>Wind Direction</title><path d="M18.467 4.482l-5.738 5.738a1.005 1.005 0 0 1-1.417 0L5.575 4.482l6.446 16.44 6.446-16.44z" fill="none" stroke="currentColor"></path></svg>,0 of 11,Unlimited,Arrow Up1012.2 mb,32%,-3°, - Day 9Waxing Gibbous,28 c,11 c,None,None,94,None,None
2023-09-24 07:17:26.354961+05:00,pakistan,34.0000,71.5000,Peshawar,Haze,25 c,25 c, 8 km/h,<svg class="Icon--icon--2aW0V Icon--darkTheme--1PZ-8" data-testid="Icon" name="wind-direction" set="current-conditions" style="transform:rotate(310deg)" theme="dark" viewbox="0 0 24 24"><title>Wind Direction</title><path d="M18.467 4.482l-5.738 5.738a1.005 1.005 0 0 1-1.417 0L5.575 4.482l6.446 16.44 6.446-16.44z" fill="none" stroke="currentColor"></path></svg>,0 of 11,4.83 km,Arrow Up1008.1 mb,77%,21°, - Day 9Waxing Gibbous,32 c,22 c,None,None,140,None,None
2023-09-24 07:17:26.707915+05:00,pakistan,26.7319,67.7750,Dadu,Sunny,29 c,32 c, 6 km/h,<svg class="Icon--icon--2aW0V Icon--darkTheme--1PZ-8" data-testid="Icon" name="wind-direction" set="current-conditions" style="transform:rotate(190deg)" theme="dark" viewbox="0 0 24 24"><title>Wind Direction</title><path d="M18.467 4.482l-5.738 5.738a1.005 1.005 0 0 1-1.417 0L5.575 4.482l6.446 16.44 6.446-16.44z" fill="none" stroke="currentColor"></path></svg>,0 of 11,Unlimited,Arrow Up1004.1 mb,58%,20°, - Day 9Waxing Gibbous,41 c,25 c,None,None,136,None,None
2023-09-24 07:17:27.125360+05:00,pakistan,33.5156,73.9019,Kotli,Fair,24 c,24 c, 6 km/h,<svg class="Icon--icon--2aW0V Icon--darkTheme--1PZ-8" data-testid="Icon" name="wind-direction" set="current-conditions" style="transform:rotate(40deg)" theme="dark" viewbox="0 0 24 24"><title>Wind Direction</title><path d="M18.467 4.482l-5.738 5.738a1.005 1.005 0 0 1-1.417 0L5.575 4.482l6.446 16.44 6.446-16.44z" fill="none" stroke="currentColor"></path></svg>,1 of 11,14.48 km,Arrow Up1008.1 mb,66%,17°, - Day 9Waxing Gibbous,30 c,20 c,None,None,75,None,None
2023-09-24 07:17:27.471369+05:00,pakistan,30.9210,66.4597,Chaman,Sunny,16 c,16 c, 8 km/h,<svg class="Icon--icon--2aW0V Icon--darkTheme--1PZ-8" data-testid="Icon" name="wind-direction" set="current-conditions" style="transform:rotate(100deg)" theme="dark" viewbox="0 0 24 24"><title>Wind Direction</title><path d="M18.467 4.482l-5.738 5.738a1.005 1.005 0 0 1-1.417 0L5.575 4.482l6.446 16.44 6.446-16.44z" fill="none" stroke="currentColor"></path></svg>,0 of 11,Unlimited,Arrow Up1011.9 mb,30%,-2°, - Day 9Waxing Gibbous,27 c,13 c,None,None,133,None,None
2023-09-24 07:17:27.841251+05:00,pakistan,33.6007,73.0679,Rawalpindi,Smoke,24 c,24 c, 0 km/h,<svg class="Icon--icon--2aW0V Icon--darkTheme--1PZ-8" data-testid="Icon" name="wind-direction" set="current-conditions" style="transform:rotate(80deg)" theme="dark" viewbox="0 0 24 24"><title>Wind Direction</title><path d="M18.467 4.482l-5.738 5.738a1.005 1.005 0 0 1-1.417 0L5.575 4.482l6.446 16.44 6.446-16.44z" fill="none" stroke="currentColor"></path></svg>,0 of 11,4.83 km,Arrow Up1009.1 mb,81%,20°, - Day 9Waxing Gibbous,31 c,20 c,None,None,123,None,None
2023-09-24 07:17:55.141615+05:00,pakistan,33.8992,70.1008,Parachinar,Sunny,15 c,15 c, 6 km/h,<svg class="Icon--icon--2aW0V Icon--darkTheme--1PZ-8" data-testid="Icon" name="wind-direction" set="current-conditions" style="transform:rotate(350deg)" theme="dark" viewbox="0 0 24 24"><title>Wind Direction</title><path d="M18.467 4.482l-5.738 5.738a1.005 1.005 0 0 1-1.417 0L5.575 4.482l6.446 16.44 6.446-16.44z" fill="none" stroke="currentColor"></path></svg>,0 of 11,Unlimited,Arrow Up1011.2 mb,73%,10°, - Day 9Waxing Gibbous,19 c,12 c,None,None,121,None,None
